5334;Rf5rtekPgz3m+CRYDEX+nA==;82374.2913;0;0
7838;aq1qznl2EJdtgRhZM3nVyA==;82376.29995;0;0
1371;6NESC6TpebJ2FYImK0zozg==;82378.30064;0;0
3750;SCrUNGw2xZ/3tKp8dlNAKQ==;82380.30327;0;0
8220;V0BbyvtklXDee3m0m+4FDg==;82382.31665;0;0
1148;GIGUv+gOOmfEOSCs+fMzCQ==;82384.32629;0;0
3128;3jebM+cTkMATAUqLtHR6hg==;82386.33373;0;0
2945;GB+I2rsyB3ONn8AKsm84yw==;82388.34333;0;0
1014;HvUABdnJ6ok728Y51qiLew==;82390.35537;0;0
4430;7FdIVWGrXdqaphuYn4Zi2A==;82392.39221;539700;0.5397
7124;oDpUX/0MMvIMkTXEXViLTQ==;82399.73255;553600;0.5536
7454;ZrSYvNUZArnxIWUnN0FpsA==;82401.74247;509900;0.5099
8556;hXqLHkFH89lGdGtqvsRFNQ==;82403.75852;1130000;1.13
3564;eAkmAdRmMCziNZCHJNcrVw==;82405.78252;0;0
7296;OaENeDdIr87phX+iMYMoJQ==;82407.80267;610000;0.61
9942;mGF5fj86M0fJ22yWatLA1Q==;82409.8126;537200;0.5372
5091;bEniRDEZWVl4HBbsdHk0bQ==;82411.82607;304000;0.304
3107;ckzzdb0I8vw3ujPt6bADXA==;82413.84238;543400;0.5434
6330;Nu3CpNTaG8ij5XAnps9BRQ==;82415.86247;543000;0.543
9143;Q7FJ5BCgvmLkgc08We7bnw==;82417.88317;73700;0.0737
6251;egSaqQsONZ85msWp3KQfSA==;82425.09401;0;0
6355;003GnhTj1hytri6PfnkKXw==;82427.12322;0;0
8809;ZGFmfPUy8WRCmdhzIAp/IA==;82429.13268;1086100;1.0861
6931;pxn4W0TrCJYguqIBG2HlxQ==;82431.1527;533000;0.533
9932;u4H5Hjc9nri3gGYI2B2dVg==;82433.16497;0;0
9909;GHdo7oH/biThuMDZ+ubFtA==;82435.18237;0;0
6151;vAx9frMiTZpINfHJPQ/owQ==;82437.2028;548200;0.5482
2023;dcyNpRVyc/yVztWSqmFvtw==;82439.21256;0;0
8179;CRpgtFFjBHCWX8H3yVDzGw==;82441.23233;553000;0.553
3696;ypxygOEV9cm437HjB3Kmjg==;82443.23842;0;0
4744;DeVpyrheXV9UIkEY0IWU4A==;82450.45502;0;0
4782;FLrgNPquDDgAT6HXfhsloA==;82452.4829;0;0
9143;Q7FJ5BCgvmLkgc08We7bnw==;82454.50199;597500;0.5975
2293;kRYR9ajHPiqgXgomKlVJuA==;82456.51262;527700;0.5277
8650;1L0xuok6BIK3mM0uTfjLcw==;82458.52256;1152100;1.1521
2302;e00JFRcj8qSf6hRaCT2Auw==;82460.5425;543200;0.5432
3557;ihjV5q/TJfi0mjf0fXY01A==;82462.56227;539800;0.5398
8248;42Bel6dNin/Tuu+TfjWjyw==;82464.56316;0;0
9604;9tWkT+7+05mEOGzC6RC8lw==;82466.5927;1144300;1.1443
3361;BfxW9rLCg7ZB5/rJ7d1L7Q==;82468.62291;592600;0.5926
6542;izyfsSD+4y/6S+bovW+XRA==;82476.02288;556400;0.5564
5270;zy5vIlIBDWt/KlVlGLOrdg==;82478.03263;622900;0.6229
7145;6yuoInANuJciUHPvOZBjAw==;82480.04586;24584800;24.5848
6264;nRDlC5XorbAcDemjbhP+IA==;82482.08204;0;0
6504;sqe95MAjAhO5Jfn3XhIjxA==;82484.09275;582100;0.5821
4428;BRek+1gN8xY0NFZoYN6Taw==;82486.11261;1074000;1.074
9149;B2OLDhLKuJX4v1zCwtLZdA==;82488.12837;0;0
2882;6klk/f/KnkuiolV7q8OKfA==;82490.14258;538100;0.5381
1186;FQkwftgdtsTuyHGbBDAQYA==;82492.15258;528500;0.5285
7087;un5VpjuaVfejS4M+z+cSwg==;82494.16321;0;0
5493;1zN9LSyiW2t5R/IpUnEWRA==;82501.38284;0;0
4199;kXYaOOZoEzS0ixqUkVbbmQ==;82503.42268;1085300;1.0853
2169;bwobnxSuBGVSKWV/s/jTTA==;82505.43299;0;0
7518;1vfDdw1WuNfj2GEZqwtaEA==;82507.44247;0;0
6584;g69wfxf5JHuuSdA8acp3cg==;82509.45312;0;0
3793;0YfD0UCB3ob3ALpFPsqXrg==;82511.47302;0;0
3854;FRljjWY43XA6nBCFwHejeQ==;82513.49251;565100;0.5651
8404;nHSWIbKf1e6DS0ZzxF69bw==;82515.50288;0;0
4791;zKVrpSSRvJuOzuKeuaOczw==;82517.52344;0;0
1608;QCSzWUx1Hh51ZFdlPp3snw==;82519.53268;567300;0.5673
5110;JK0cNwxsoGK4JyUte3zWyw==;82526.72305;0;0
5259;sAWNpwC6KfUzahX7hg+v2g==;82528.73291;532900;0.5329
3299;76H69wix02v99RbiSVg4Qg==;82530.7527;534200;0.5342
6188;Wy2ESgT3zppi/UUlcvz10Q==;82532.76279;0;0
5831;1X1KH9vc2KYZ0qsci7nw8g==;82534.78284;1339800;1.3398
6041;hH3RlW8fIHgYog6GiEV2TQ==;82536.80216;0;0
5238;6Wm3CWUOFzahbJOV4yeEoQ==;82538.82305;0;0
3617;G1cdpEZNDOuA44FaRhGbWA==;82540.84329;0;0
3028;wsnL+Ivmawlfh7oNuQz7kw==;82542.85112;0;0
7628;G++ZQE9UHooBrsJ0oCJAmg==;82544.85803;0;0
3867;2qDA6nPlkeC6cUGNf6S7tQ==;82552.21854;986400;0.9864
6349;DtgAlk2+xkhiAcT5CjGfbA==;82554.25048;0;0
2038;Hp1ZLcgDzqna2jWd5SayGw==;82556.26257;785200;0.7852
3475;v/6xC/D/7MhY2Z6CXQB2Gg==;82558.27056;0;0
8000;U2Y1cj17KytcM/P8E6IVZQ==;82560.28901;0;0
4574;ReqxAdVz1IKvRRbSCW/uJg==;82562.30646;725100;0.7251
5492;PTkuI9r2dwVmRd+I0uV1DQ==;82564.3334;10000400;10.0004
4276;7yV0XQ1N4jGC1z20/jf0yQ==;82566.36522;0;0
3878;+vdlfsn4+DtrqJLJmdwahQ==;82568.37458;0;0
6648;hlHYrV+BmeaadHpXSRKfmA==;82570.39539;11815600;11.8156
3119;2TeemLd6vR0Bs/2dJ9/Uhg==;82577.62461;1002800;1.0028
5665;LR+Cc8zmi3DnesYQ6NIo8Q==;82579.64195;0;0
3868;I5CbAInai7x7EtOZyeeakw==;82581.66107;1006300;1.0063
5880;SRfWh1uY8YxbR68PkG6Dhw==;82583.67846;0;0
2910;WUhEVt/8ksloPlQq1dCOTw==;82585.69809;1001500;1.0015
7210;a78Xx3RfiGjdLGChXkf4DA==;82587.71962;0;0
3420;mbKUDKopXxzF6KQvmxc4eQ==;82589.73817;985700;0.9857
7275;QHm5s5/f6W4Nx7gKsJxu5A==;82591.76401;2003700;2.0037
9894;RNgOLycXq0B1ZYRopJt6Hw==;82593.77449;433300;0.4333
2255;9pU4h4xiPxPrODI58AYgpA==;82595.79505;636700;0.6367
3606;Qow6nj22TG6u+xkL01ao7g==;82603.01721;1005400;1.0054
1052;A1wFNMfpq6z9WcF9v4OAiw==;82605.04021;0;0
1465;r6Zxum6Y3JAgb5uJJsIAAg==;82607.05321;0;0
2427;BLgf78L5h42PHcWSspwKWw==;82609.069;996100;0.9961
2412;8isEtQ2D9F5rVF8F/9SShQ==;82611.11995;5052200;5.0522
8002;VcM1xKuHE4RSrZv5FfLnmw==;82613.13448;2876700;2.8767
9638;/p9PVNntdolPxC3llpe38g==;82615.15744;0;0
4015;4sQUjjppf7q8SBpdpybmow==;82617.18706;0;0
8985;22QlTLhKBBU+Rk6l4N8duw==;82619.19715;1012700;1.0127
9778;7e04/mhSU890s/mKdCSyNw==;82621.20929;0;0
;;;;0.885992
