1.02454E+23;v8nfOitGAjoYmZQ5FEzk+HtxSDNNC6C4TGPIcYUU590=;81774.45056;773700;0.7737
3.63845E+23;+CVsbzMzx9mPaoIF2Ns5Ykw7G4gzKD0Pxfh6zmr9GNo=;81776.45558;0;0
3.72267E+23;QfDwg4R31WOooLSdFEcShyb0xc04FhjJa1Qa9QCNh3Q=;81778.47347;0;0
5.58923E+23;V/AWFin/wrPJRS6+BuS1fgIa7M0eVNnGkVm+/R1Z0jg=;81780.48889;0;0
7.97997E+23;lJA+jCd2tnAIm3z9o+zy4xrpCUB60ihNZfs9XVKUc5Q=;81782.49934;1811800;1.8118
6.04965E+23;iKEBbymQ2DIlwRIXtS1zN/i58w5tLLY2t3MDozgrMZ8=;81784.51588;2007200;2.0072
4.2942E+23;0DEQ4eOWamwDLbXXKCEslxhzhFcXFF8j+gup8NdMnuI=;81786.5381;2009500;2.0095
7.04169E+23;J7mpyiGdN3PEWHZIq8IdKQxEnzVYI2/JuOblINOvdXc=;81788.55984;0;0
9.38906E+23;fifvsnrKsGrdcoxvYJs2dyq64AhFVo5DLIvAJAZkdiM=;81790.57645;1707700;1.7077
8.40092E+23;4AnyISdzdXZydiog78iCv2VI3ClQEHt2uclwL+RBrgI=;81792.58879;0;0
2.52891E+23;rZoMNGilYRbeDSn2KorbUjLDl1najRsNC5BU5bGRxfw=;81799.78625;0;0
5.75184E+23;V/N7RnYiVkQW4sfW7EjX/JB9VcZa9xD2Mk28jC1FAYI=;81801.8069;0;0
7.0377E+23;RxXWErxHzY4OQVffl2Su83cCdPYk7MXbkxd/djXo99E=;81803.8212;3000400;3.0004
6.69315E+23;+wFiknxNL3iITs81yV1lz6uWS8ICy7SHCwMgvekNGGo=;81805.85235;0;0
6.49627E+23;GM7IEO/HZdUtdoLEHpkXDuao/eC7N2Y+zxsdEUDl2sg=;81807.86805;1999100;1.9991
1.53908E+23;PYCx97HD2MJC0jcQgdchGPJ2q2lLk8TKYWojDPonihg=;81809.88198;0;0
1.19328E+23;wjbgq0E4BBaKK/aahdst6zx7RbbHL5kG7F3tV6ZEDcM=;81811.90409;3228900;3.2289
4.91295E+23;/s5hXc4H2tbZz/3XqcFJ2JnQsEXjfA7CPjhyT2yeZVU=;81813.91761;0;0
2.35922E+23;Mc2Ehv7yakmQTv1ImyXKq7EwSqQTgfeyPtWCdv9T3c4=;81815.93447;1063600;1.0636
7.76047E+23;4Xy61C1MOP4B1xTQ6tpg0PscPeUkZRSJc08NtSOza3w=;81817.95199;0;0
2.6084E+23;LU8huQ90ZtXQicgZ8WH+7w2vfIidJbVbJhpVCJ2E6wk=;81825.16348;0;0
8.36084E+23;iLh7m6paEFIBTLJsBKdRsqylmSIG+4Pe0rieZEqV+oU=;81827.17601;989700;0.9897
1.93677E+23;/PAhPoyX7l5AbUJc414ngLM78Lu2yovjKF/bqoAa9DM=;81829.19542;4999100;4.9991
3.22223E+23;jCRsN05N3dMLgsFCrzSW1vT+cmLE4vT9H32H5Ghb/nI=;81831.21148;0;0
2.04664E+23;zO/gWMeZicJnFpScSvfncd1/Qc5m5dnkDykEbtPHUZc=;81833.22117;0;0
9.06553E+23;AaB6FozIYHS5VcFI3Kk+gdQ7EX72zrP0vmUO0mGkDWU=;81835.23395;0;0
9.10937E+23;CNsb1WnbcXodDzxgAHyiZvdMTC6malgnYRbB01xhT/0=;81837.24112;0;0
2.76699E+23;8Cz3RpsBbYBPPWOhb7JKiAekqUZKgkXg+8nF70KbyiQ=;81839.24603;0;0
2.46425E+23;YcS/IUS6W8y2xc2TMTo8DZRV/t1wgrovFvAOf0mfZFU=;81841.26305;1009800;1.0098
4.1608E+23;mZNI15f8iamQNnNj6kt+gAvcNOGwXvx6CAtNOGhC4sY=;81843.27307;0;0
3.34561E+23;ELSTCSLIGX/ZoiacCeukjVKOF5+D1fQrLyQB9o8qDAQ=;81850.63719;10002000;10.002
5.72669E+23;VCfSL/ZiKRln+rxtb1ZNImcdLApS9GMk0Tiij9vqoRw=;81852.65929;0;0
8.11919E+23;wGrgWgvsToTj9af9Rd/G9xmb+JPxUsGaudHeIrwbcY4=;81854.68853;72000700;72.0007
8.24523E+23;r3LYA6k8LaaQCVkyA+gIt/RBCp5dHHIUY3z7dhS/2tQ=;81856.85717;0;0
1.16972E+23;xSpnOPoEaT+4SzZOr94/rj3bsIw4/gFT6mv7XKQpb2w=;81858.87923;0;0
8.68696E+23;PZcKEt6EE7ZIh9SuX8FSr7svw9fZdRQSiXNDvTJIH9A=;81860.91286;15003400;15.0034
3.87591E+23;pe+6zW7HVTlHlN48q8PT4vkQK/I4JhbEsgzswWBiUY0=;81862.95401;3032100;3.0321
9.24124E+23;mhbDg4r6PWZ0R/nVtxBmqRPilTAgWExz1GMZ0NMEH7E=;81864.96885;1005500;1.0055
5.12031E+23;pC/trNM30PTW4MNSSglFap+18Oy/U2+qL1D341HcopA=;81866.98297;3025500;3.0255
1.47781E+23;GVed9AVT2gmPhKEZCINjfVP2EvcZnuwJPD2nddsTKOM=;81868.99809;0;0
5.67027E+23;VWwFFfVqz6rFUTEF1jmFEJZCrIeMjuxZuyIb4WMINiM=;81876.26585;1000900;1.0009
6.90398E+23;PdtiCgDM9E7CHZB1lOcZGFmlpcWa2ryIQabJ1u5Sse4=;81878.27426;0;0
1.26262E+23;IMgmiGDT6OUF/m0xStTuibqr0YJwdfCW5fbVxsompCw=;81880.2866;0;0
7.49035E+23;C8IYNmVNAnbK87L/S8J95wYxPTJKsbVMq0G6xCGP2fs=;81882.299;1023200;1.0232
5.85195E+23;6LaAqILr5mQugXEjhcjouwZn2YKSGb+QO8rcOtj5O1s=;81884.31943;2114300;2.1143
8.06525E+23;bijYEEf7iwrpkSlHa3sXM5raSKK5FQQATvlu/8rFkPU=;81886.33635;1019700;1.0197
4.69814E+23;m1okm5SMU5UolCXv2icO4P/heaTCgwERsfNPUt3KU/8=;81888.35246;2004200;2.0042
8.94935E+23;tFzVgafcXcWCoGRS7dMircMFh6LKqIHD91sO9tAbHHw=;81890.38539;2004700;2.0047
1.91065E+23;x8+nz59y9cIi+1pZqP+WnSpTFmYTAEXfa6OgQqdeMNQ=;81892.40948;2170900;2.1709
9.11243E+23;849XKZOGLrqdBYNrD2B3cumOZtbEJY28Fyc2WKv53Ck=;81894.42759;2007400;2.0074
2.07175E+23;QN7YVEKaDGo0a+rpbVLkGm+Dj0WGnto4pPYCD6IunUE=;81901.64448;1007600;1.0076
4.08589E+23;zJKzw95pZRFaa3HwGyAQAAbVeCLBJ0ZJcDkq5lDJQE4=;81903.65147;17986600;17.9866
6.00227E+23;z6evVVWFmELeTOgAsvqpTvlHBAC4u1K6Fru1Yc+1mIE=;81905.67946;0;0
5.68596E+23;p6EFOeFZy8WU5FR/UsDHcUB/qFjOIQrPZSQCTiFc9OE=;81907.69948;1985600;1.9856
4.75846E+23;WqwGiUBaFBFFXRSI8G0QLrlBeBHXBPvEdxy5wfzI1L0=;81909.71551;1996600;1.9966
5.52705E+23;hOAAdAGCiWEQHFv7gJ3jJE9iJNEhL/RpUQ0n4HDLROg=;81911.7345;0;0
2.8637E+23;mMAdes2+TRJmFj/Xetre8S+sdA0FPVeU459yrYX7Rrk=;81913.75552;0;0
3.68832E+23;OyP50L7S/8DXH8R7mTEaF0SN9ftIH2EzJ7Bhh5ow/Vo=;81915.76263;1982700;1.9827
6.31408E+23;qv8YLmz3wmeAotUvYG6LePah3WgjFPcEMsEP6QsyGGs=;81917.78001;2059500;2.0595
4.55917E+23;YEzdm//tVy57YjL/GwcAjfdNaZ1AmP22Go3IOMhSzwk=;81919.794;0;0
1.99097E+23;OtUqg+zcZUybOrawmNgySYUGdih2tEAwfcw7YGOkBQ8=;81927.18647;0;0
2.63679E+23;7TuIXUR8cd28Uku86kac8Qe0qOJ6JtISdiA9PpOGa0U=;81929.20649;1995800;1.9958
9.34416E+23;mEPVOBTVvdLI0blqbgUXiZwYHTWpymt6XlQyo7NKprw=;81931.22547;0;0
1.80251E+23;Z7tp4Yh7I2WsBc4vw6Pguy/HH9TVMdcYnPouUR+4lDw=;81933.23498;3002600;3.0026
5.64089E+23;duTIJsgfHhmVoravZ4aadL5faoJR5y0MO3bsOV47gr8=;81935.2535;968500;0.9685
6.91119E+23;VWphGap9Q77W3v2qoybvNv95y/5HjhTmY7BOglhMSNU=;81937.28445;13005800;13.0058
3.57516E+23;VxqQVJNEGYSVmJf0IhfwNDMaYsiXYVUOOLqfMNMWYWc=;81939.31938;0;0
4.65284E+23;A28zXJbykS5fXpMuCJgStyB1DH4kJG7CUp3DR/U+Shc=;81941.33312;677200;0.6772
9.2177E+23;69e3UBQggYFb9a+tJMA0cNu41ecgOOtGTZV5W/kylho=;81943.3499;1037900;1.0379
2.77791E+23;Ueqmwvo7hbQUf3b8EDSW9hfQ1RB8k08BWMWdAc4ufjY=;81945.37642;2997300;2.9973
6.65459E+23;dsNJ81kjokJ0AYGDc8b+KYpML9eK/CF3psxPqEKHm54=;81952.5821;2005900;2.0059
9.51886E+23;1RAlF0K9wHnj7FTIhBh+tzupb6fuwcj0TfKMY5ogY0k=;81954.59752;0;0
1.21859E+23;N1is/h9h9ivmWABbZwcSW6JrdeDwmcTO0IuEZ8eCQjs=;81956.60949;0;0
4.48516E+23;d8VhxNmstbSnztchn7LT6za2JteBIqMl8tG9Ujc/NVA=;81958.62828;998400;0.9984
7.86649E+23;BbCzjmygoFIivTJMIVVjV4w4OLIFkJNl3/+PaukwaQw=;81960.64576;987100;0.9871
6.12453E+23;wpXDa8zBfgVRjj0XMeSfXSzGI1UCM3XaAWpMwM+CGAo=;81962.67254;2003100;2.0031
6.46917E+23;XopIme9kCxlxkAB5oxLW4zYEE5wt8KONse22qgxQLkI=;81964.68916;0;0
7.81676E+23;ZtICBeBbcBn1DqMbdfswewoB+q7dAjlei2Cwz0/WHCo=;81966.70247;1843800;1.8438
5.36132E+23;1nxV5p1NDwLON5Cjgmv4HFPkSH/Df9QRFlRdkFL9hCE=;81968.73067;4980600;4.9806
8.28983E+23;DuBEO6SCQBftQJoTt8NGbypiW2x5P8q2xLEDsmA864k=;81970.75;7977800;7.9778
9.60835E+23;DWkAphUM4iDov807OxA0XsShZZWPYfBM+hgESBcnBvA=;81977.96264;996400;0.9964
6.16344E+23;+IOOOkbVAFBY56tRS/LbvMg+NoZg2UtbBfIhjpejDDc=;81979.97796;5983700;5.9837
4.75373E+23;eYoIxVV6AEfc3N8/XSSxHfDvMJGc7EB6jv8m4x/mFog=;81981.99509;0;0
7.03147E+23;QY66HLTw79sncqFAt09iqORpOK+BFZVWlhXpnV7uEwc=;81984.00309;1009800;1.0098
8.21627E+23;CCDHdO9gq1I93ZJmJjwhxN99jZSboi93DaOlEKgG5j0=;81986.00908;5019500;5.0195
7.75595E+23;oZ2x7zMdfRfbJ02tHBZiAKJXQgkaCmrSyJABmmbxc/Y=;81988.02552;2009800;2.0098
9.71832E+23;B9qxxAbJbabnLM/7rfKYLEXoq4kK61I5llC3TSWwXlw=;81990.03768;1997100;1.9971
5.01373E+23;B0Uz4orKddS+r38I4ObEeTKkPn1eWQZX6S21JLrOYnU=;81992.06421;5009700;5.0097
7.22152E+23;vzkcky5S2jVdvjKF8N4eIy+tw/gM0gWRx/euGpR6cjc=;81994.08401;1019500;1.0195
5.31325E+23;qKs3/MkxQ20hdPC6mikrNOmPRTjHuCj4eCEK22TGZo0=;81996.09465;932500;0.9325
5.93302E+23;gBEYNYI6i7V2gi2JFYIVnRn0ZOxoe/K04G4kfvgmGQs=;82003.46734;1997700;1.9977
5.30582E+23;BJBrbcJqkVTjjmBRv8omsS/xmQf78ZVE/EOoVtCdAq4=;82005.49193;911200;0.9112
8.78022E+23;S1HBqYUMDRw2MBe3lZ4I4HvM5nC/1e6O/OrZ2z5nFro=;82007.50526;1189200;1.1892
1.29938E+23;cjHac8Ak4tEJQ1GO5W0bWsHJlNL2vHYzAWN3V50Gh9I=;82009.56657;1004900;1.0049
3.59219E+23;F88AYsR7HYQ99QxcIG1+xCkO4YHzgmRCUf3tXqq+HrU=;82011.60146;27916400;27.9164
2.06171E+23;vWdKl0arOSbRPcCm7q7uYmUEDARhih41KC++TTGUels=;82013.66154;532100;0.5321
8.84559E+23;8d3yfa7ElE5CFxBFIemqVvjTK6kDmdtDAsGDzxdsfB8=;82015.68057;11547800;11.5478
4.67607E+23;ZbhwWKihpdaHh8hMHWSLrTQ9Q5QASq/5CodqmdmcOkg=;82017.71803;1004200;1.0042
6.8623E+23;c7DRWoLa2FOKOnNJJlv62VrTxZp3iH03ion08XgeskQ=;82019.73247;1004800;1.0048
9.45545E+23;FC8gYMUeiv/0+CtnCiSmCdgSbSr+qpm/kWQtnosC2xU=;82021.76146;376900;0.3769
;;;;2.849786
