1515;m2LwrGT5FUAPr9+ZgVsxzw==;78093.54367;2002900;2.0029
1415;kGbEWAwR5AXMw1gE9ljMhQ==;78095.58044;0;0
8264;VzNYuPOtIyujaegPLS/PtA==;78097.58416;1772900;1.7729
7637;EctMDAetk4MUWdT/nCUiWA==;78099.60276;999400;0.9994
1371;CVLmroYahpmMcvZC56BeFA==;78101.62174;0;0
2973;cn12hXChl6cHbrh+EcPfnw==;78103.63513;800400;0.8004
8903;x5Es/IIXTbIoQgrestU0YQ==;78105.66104;976700;0.9767
3263;htMrq1eHZ93K0HnDJfsjaA==;78107.68299;5997300;5.9973
5874;Gr2MCsUu3qL3iS9RcCkpqA==;78109.70689;1038800;1.0388
4086;Ocxq+rbJDGt9uVimjVDK2g==;78111.71845;819900;0.8199
5076;nj7GkRutcLrrnu0dtxNM2g==;78118.92073;0;0
9823;+V7H2mbOD2E9hx6x/VwJvQ==;78120.93517;0;0
5623;zmF9ZtYQ4XQsb5g8ifp6Ww==;78122.94437;805900;0.8059
6053;9XIceLvbvJFnoKKXHM1xqA==;78124.9545;0;0
4594;8S//mkyxxQwhlS0+DC8Xxg==;78126.96537;992300;0.9923
2360;o4dQqGBJMkyknBhld9u0BQ==;78128.97915;1986600;1.9866
5977;OISoxEB/kOZ4EvfIhUbFeQ==;78131.0051;0;0
9759;mFXLeywjB6hv2kci/Cdtrg==;78133.01543;0;0
6528;19FHrtqBqh/SOoWWjpVPPA==;78135.0234;0;0
9886;5RcoV8TF+Lx845Ug61SPHw==;78137.03277;1005900;1.0059
5795;QX4nT5tF3e+R1rk9ewc4ug==;78144.26407;1047900;1.0479
4861;1Dws2//iXZM1mwMAzgFSVg==;78146.2904;1001700;1.0017
4343;jclwp6oeQdbMY7YVcmDq1g==;78148.30334;0;0
7719;XIkFhgqIfPSryBsiWehtzQ==;78150.31333;865900;0.8659
1804;60jvF0JY9kcTS/D9BnfC9A==;78152.33568;0;0
8193;C2laLewMaJvun9wodWX8Bg==;78154.34873;0;0
3205;sOUpYHvNpuvOxqmWEuFEtA==;78156.36794;415700;0.4157
8218;kGYjQDVyTaXFV/X9Uu/K+g==;78158.37825;780300;0.7803
8593;Yyv9xVGWiPTZI9NsGKlmDQ==;78160.39834;4138500;4.1385
4788;VNeg1LP2Eh8VbwM0FT1r3w==;78162.40947;1006200;1.0062
6364;lWACUs5ytKHpjjSlGqaoiw==;78169.73723;0;0
6657;8qCP/Skhd40WS1cwvSVW/w==;78171.74698;657700;0.6577
3879;VwRVMg4q/kGcVkl6VEGuZQ==;78173.77973;0;0
2688;LqL2e37n5k3uxSsmv0bx8w==;78175.78973;1041300;1.0413
9424;mib9EpejeUT9VlhgmpoZPg==;78177.81626;0;0
8072;lB9Gl18BlQe3euEQWZYsQA==;78179.83542;788300;0.7883
7833;0gO/Xqj3O/SBEqKfU5Aq9g==;78181.85896;5006500;5.0065
9888;++b02fesh+OQAoQV6oa5tA==;78183.87207;480000;0.48
1393;GycIVA5/zHzBH9kMYzHU2w==;78185.89421;0;0
5435;IES6YrnOe2fg78/WUVlfCw==;78187.90371;811200;0.8112
3033;4omdHCDw8Yo/AuPYE3ZHxw==;78195.11152;992000;0.992
9783;vk2rbn69gDt+S1UffMQOug==;78197.12831;831200;0.8312
5114;21+E21geriQDFC7PwxZFTg==;78199.14127;2080800;2.0808
5319;13zq5uCy0Z1iP7UgKxwMGA==;78201.17379;828900;0.8289
2511;ueS3tvx2AivrRloIKPcneA==;78203.20049;1984100;1.9841
5496;VzkXoNjk8e+/REkFrm2b5Q==;78205.22518;1057200;1.0572
9081;MzEnH3TKoXDneOJPqTfZaA==;78207.24566;902500;0.9025
8001;OrHpq/B/dZ6bnJbfd+TtJA==;78209.27002;3995700;3.9957
7080;oCidLgcJ0dVcwPU+h3aVMQ==;78211.29638;1995400;1.9954
1528;ZkZIleTUcwJPvz4lMTvYaA==;78213.31781;1062300;1.0623
4653;sr295VQqF4Dqy+Ia6xboKA==;78220.54206;649800;0.6498
6790;a/7LuGzqUrMoJp0vajzIYA==;78222.56603;0;0
2486;eJzs76NrdWlIACDns6utmQ==;78224.58549;0;0
2040;DYZrbg3GjeD4ftJc/rSx4w==;78226.59369;1043500;1.0435
2130;T/qSMdxcuJF8hAENOYIVQg==;78228.61596;1004000;1.004
9068;+jbpI59v82VLv7xw2ntZPg==;78230.63704;1040800;1.0408
1691;CtiZG5hkZJTsBh1F9NijaA==;78232.66116;956200;0.9562
5805;Veulb+sFHQv0f01L9shN2A==;78234.6881;1998900;1.9989
7538;CbXfSQt0nDdEh1BXDrcC7A==;78236.71132;918500;0.9185
3166;Mql1rnakaRg51kjOfyUZ8A==;78238.73303;1023800;1.0238
5570;S7zWgX7b6HoN2pAlbTcptA==;78246.14136;1045900;1.0459
1645;BeRe+JU2Y/hHVAzpnIiKpQ==;78248.15133;788700;0.7887
5758;H6YDit7qf9Bu5MdACJFVrA==;78250.1673;1070700;1.0707
6189;gKMv6VVgHyxbwCbo/VmSxQ==;78252.19096;987700;0.9877
9181;uCARHpuUQtETDB3KbJJtQQ==;78254.22432;1054100;1.0541
9277;FOUwBYV6yDs7nc5rLnW8ZA==;78256.25027;2938700;2.9387
6963;oIT7WUR+LbTkfeg7StdcNg==;78258.27609;1011600;1.0116
5443;VM/fJVXCTTMkoV7T7bMwLw==;78260.28846;0;0
2674;kDlQCc+gkRQeg1PTVzsl4A==;78262.29707;984600;0.9846
2785;xpD60DGEAxk9EcDojusD7g==;78264.32099;934300;0.9343
1296;ZcoAYDxR8lnEk/MojhTGWw==;78271.57557;1801300;1.8013
8427;pB+kY2akOT6wocAs5T3FSQ==;78273.59897;0;0
6503;cgr8mxzuODBRNhSP0BBh7g==;78275.6126;959200;0.9592
7108;YjnueOFPwS2bseF+obGhfg==;78277.63272;998300;0.9983
3766;igOUm/AexlhljFMJO1nPOg==;78279.64405;0;0
7239;LmOhVK1ZZc4tby5fk7uozQ==;78281.65084;926100;0.9261
6817;9dNZ7qOu+ZnnU6gv/RIawQ==;78283.66143;929300;0.9293
9760;0LAK073zEw1cxzhGbRWZGg==;78285.67217;1977600;1.9776
2125;MAvFlUmrSCNNIqxkxANi2g==;78287.68834;1752300;1.7523
8394;NWjn/BdntZ1FiEEokWE1lg==;78289.7157;996800;0.9968
3308;gnnHE/PQ50pj/ubKZgfHAQ==;78296.93284;998500;0.9985
6552;IjUmYWG+OEiNbJCBmckDDQ==;78298.94826;940300;0.9403
1920;SxvrfxmuyWPfvSl9tQ/4WQ==;78300.97742;997000;0.997
2788;GlReQ9D9um9Ot+skDAZSQA==;78302.9918;995300;0.9953
1161;iBC2Wb9dnGnjZCs2osl0VA==;78305.01538;0;0
1407;vuh58oL5O5mRqMbyVo2ZIg==;78307.02172;347500;0.3475
6547;CAcW2yW4QfgS4di1/NtJQw==;78309.02894;1042500;1.0425
8147;zIUb4TXA2zp/Hmb6AKNmuA==;78311.04817;7962300;7.9623
2052;YxLB2qoI6lnCPQtBtKrjPA==;78313.07481;978200;0.9782
8366;dlRgofEQsPF1H/MmGfjqbA==;78315.09951;0;0
5525;Q6hovK2XHlR63AIAu2ObRw==;78322.47485;1008800;1.0088
3091;jiC4NK4bOFGNNGEd61b/5A==;78324.51277;1004200;1.0042
4085;gSKS7OI+i0ZlEE46knD+Xw==;78326.53207;1839900;1.8399
3432;+A3GxH1nj/yJpt6YbyC0RQ==;78328.55394;0;0
7200;rG093BOlObjUTYGViYFD2Q==;78330.56134;4903000;4.903
7093;JPd29uLRE5RClIzPx8nWgg==;78332.58583;807900;0.8079
1712;PxQgTcybcrq4E2SJoykYEg==;78334.61074;0;0
8981;2KDe43uoVP0ftXvkcsZMuw==;78336.62271;911400;0.9114
1260;yfcw+l2NpKPXzFe8hzHRdg==;78338.63984;0;0
5449;2L39HUsy54I77+KQj/W9Ig==;78340.64724;966300;0.9663
;;;;1.084661
