5483;LtqZzeWMtJ+RMdV0wxmGrg==;77577.78664;0.001002550
5274;QXmTbzJ/fmDApjxFYbjKcQ==;77579.79084;0.000000000
5576;TGkHsjvFOFKwDDF5gYPIAQ==;77581.80225;0.000000000
9616;YFqTLd1NpNnCRmAv+oGnCQ==;77583.80921;0.000000000
8709;KyVmi8M8D1iPKZReaiFT4w==;77585.81779;0.001029015
7133;o3cEDxhVXc9FwG8zErNp0w==;77587.82741;0.001948595
6282;HU2Ji+37InN1O4CgnOYcBA==;77589.84893;0.000989437
8013;u6OR2KNu2jhChu1av0szuA==;77591.86313;0.001057863
7536;RX3HvJpO7FlK0ZLCaHUy2Q==;77593.88417;0.000788450
8235;WjdqGgL7ij5XCErQuhGRhg==;77595.90748;0.000000000
6664;s+kaZ1b0rHckblECTW9g2w==;77603.10799;0.001042366
9574;Z6btnzfz96X9vcHqWtM3LQ==;77605.11960;0.000000000
3150;Fxk0S33l8zKJukoNgl38NQ==;77607.12594;0.000000000
3853;y8CEPEXmaJnVJGaPJqpnAQ==;77609.13272;0.000774384
2637;4UwMTI8hGDH9oQz1taOqpQ==;77611.15041;0.000000000
2667;yFjZVGa0nNolbPKqRLorKg==;77613.16059;0.000000000
1918;nBKwh5wVPpkm6eLGqaAzOw==;77615.16537;0.000000000
6435;JqRhb7GVrMi8zAKL1TPjGg==;77617.17874;0.000000000
5433;B6jmFkuhk0qDWo+Yw1spFg==;77619.18524;0.000000000
4323;XXUxortyjPzxx1ScNkEjvQ==;77621.19880;0.000000000
7041;rGRy8kNyRNGwOuGCgNi+BA==;77628.41964;0.000339746
3792;4c8/TAjGEfxPE9JBhnn5Wg==;77630.42890;0.000902414
4072;CecrTubwg7xVixxiclS4Lg==;77632.45662;0.001018286
4445;CGEpRVvfcWp38i0txAnf9g==;77634.48074;0.000516891
3781;1VKUlG1qElnTbIH1CF8E0w==;77636.51009;0.002006292
4931;EQKe0hBIWvaes37g/dYArg==;77638.53986;0.000000000
9536;k+7wxePqwnb0an7WD781EQ==;77640.55326;0.001023769
8166;SOxstnEugT6MaxBgVLR+gA==;77642.57846;0.002027273
4681;TTwjYtZ9OXdp+2ZAcAGS+Q==;77644.60342;0.009000063
9639;ilHxSxBq125qp3E8qcn77w==;77646.61929;0.001003504
5012;JRHXXnXlMl3lNI8LUEyoXw==;77654.04126;0.000000000
2050;f22sYLZC7xkiAdnoKXDLKg==;77656.04820;0.000000000
5762;3ONutLpNxH9MQ49UHdHsoA==;77658.05592;0.000354767
2381;ZEgCoWWBS5cL3qgLoR1wgg==;77660.06464;0.000000000
7716;rmeT5Spc3bBo29GKi3iAIg==;77662.06947;0.005095482
5536;ygTieYMAAgBM0fhJpHR2fw==;77664.09246;0.000972986
2993;MNZj3Xz5yhQlMxDcxNyDbA==;77666.12016;0.001031876
5546;AeJK4hgHDWOERBXtaYowfg==;77668.14164;0.001882792
6686;idS7uVZZ0B4JU8B4snM70Q==;77670.15915;0.001003504
9132;KF6vNU+oNPic0ZTvsnmVAg==;77672.17125;0.000000000
5951;lsKTOE0fcjDkOIDiMoCqJQ==;77679.37846;0.001026869
1854;Iq03FZ3VEcyB/Mt94pqvxw==;77681.40417;0.000921965
8349;QSZAi4+Il0COW4QylUgWPw==;77683.42495;0.000996351
3977;YKQA48CGD1yf3UcrRagIwg==;77685.45165;0.000778198
2621;xMCAL+vE36Xk6pY+Kdrh1g==;77687.47439;0.001996279
5432;M18rxKwj8n9P1n8mEdaVJA==;77689.49582;0.001056910
4813;yDYphvkkFLBV0Uwcr75MMw==;77691.51312;0.000000000
8692;S7ht3MuJ9OwrTVwlugtSEQ==;77693.52124;0.000000000
1268;hyAJl5vq6SpW56f9iMBH/w==;77695.53075;0.000000000
9442;iSbOs3bP+a2lA0OwtYhKDg==;77697.53746;0.000000000
7737;MCrZCdPpfmluhXTqZ5pgig==;77704.73292;0.001052856
9773;Y09Jn1AGAbhrpfxYxHrirQ==;77706.75629;0.000818014
5786;XxS73SnjfPUxugmuE1HXFQ==;77708.76249;0.001911879
8109;iYYAB8vPdDpEQp1vETz3nA==;77710.78673;0.001077890
1474;cEtmLW8Aq7q3TdiNkHoYHQ==;77712.81139;0.000831127
7687;K914yXbTCLiDhnEQPiiN+g==;77714.83408;0.002049208
2812;JFCFGYP2+9vaeZvInpMbig==;77716.85806;0.000000000
8621;YwCclnpJqEyMjsN970uLkw==;77718.86850;0.001000166
3778;y3us4oJyE3DYwkA+faQ9/g==;77720.89148;0.000000000
5143;mdrteYPBzmktAlao5WjIdg==;77722.89808;0.000000000
2095;716SNPqQ0fTD2om3naK1ZA==;77730.28395;0.000989914
3961;zeQxGrU6tYn904c7grtS1g==;77732.31194;0.000908136
8445;VEXrOWiNXXr9Kjd4/EYpzg==;77734.33607;0.001039743
3452;zOsntrm5HJhC2olk2wS3WA==;77736.34730;0.000000000
2758;e0PGvJOhzldQRoR1PfMRIQ==;77738.35815;0.000000000
3732;8UR/Lgg+iyUD2iaNwmHoZA==;77740.37332;0.000000000
6862;xtxd/z9kNmWH/TgFlCCPtg==;77742.37876;0.000000000
6021;ECS2y2glZli2VQdgulf2+Q==;77744.39118;0.000000000
3352;aZ3QFdwFHOtbzoJMkxKkvw==;77746.40907;0.000830889
5262;+FG2vdnbck9onqzt0s/ekA==;77748.42346;0.001009464
9935;Tgqosgf9tWOe2lhIIIDEqg==;77755.65631;0.000988960
9283;clCJEyzg0BGfErBx4EpEkg==;77757.67359;0.000964165
7907;FKlu2R6KMCI0yj0tU+YiOg==;77759.69844;0.002014399
3385;KCxfnYYK8ifphqnavwDIRg==;77761.71000;0.001999617
4855;qI5Or9fSmeHFUf5yTy1PIg==;77763.73253;0.001005173
6944;215MLFz3vRbGxnDmvx7bHw==;77765.75331;0.000996590
1452;XLKDbjlETZT87ohMaVu57A==;77767.78184;0.009392500
1818;B00gwfQBYBZXlMJEh+pTbw==;77769.81718;0.002040148
7123;JUN52JUjCgPhzcPaj5gxWA==;77771.84183;0.000968933
2163;AqRTUOuyELCxEqOm7Qz2hQ==;77773.86543;0.000942469
6374;iQ8/B3iKK7aKYcL+IIUczA==;77781.09737;0.000000000
3453;P3+0dfjBoZQPxqCR31UNnw==;77783.10358;0.000000000
8091;d1ZijmqcrjSTsQO5OW+D+A==;77785.12404;0.000787258
3246;+HSEi1EgrUlWGkufNOqrSg==;77787.14435;0.001011610
8662;NInFsCWFIA2dHt12bbTzjw==;77789.15223;0.000000000
1735;U5BSl+iI/KAL0rdhmlc8Jw==;77791.17235;0.000000000
7726;yv+oOFRabPE9nGjQ/6tziw==;77793.19201;0.000810623
2929;FosWt5G81u/bLorgcAW6GA==;77795.20503;0.000000000
1024;IlQV15/A78anPbwwGVudcg==;77797.21486;0.001046419
2317;G3PKqlocon3TEJldFVw6eA==;77799.25989;0.027740240
1746;bncBvQjuL5p3AquYg9Cm+Q==;77806.73046;0.001988411
8721;aQMBB17eOn1zsZwrSMUMkQ==;77808.74840;0.000912905
7664;yrqWO4af0tE8JkmZmBe02w==;77810.77083;0.000861883
4849;cYiNa8oW4XZUSSBOnpbl3w==;77812.80468;0.000000000
2538;OZ6Nmd3n98G/kyUItleH3w==;77814.81417;0.000000000
5305;CLgGHsHrVZcgZzWhms6nhA==;77816.82427;0.001002789
8865;jlPSK5nxnQ0ErZk8nauTkQ==;77818.84237;0.000000000
8798;YMUjKYGQM3HrZvyaXHM/zg==;77820.85890;0.001914501
8371;m7mXRswwAYv5VrCa+tL2CA==;77822.87879;0.000000000
9596;8mcLxDJYndVvJcHY9t0qoQ==;77824.89514;0.017998934
