8.36881E+13;3FM7YYdq/6p2hXm04/2Fkw==;78809.88694;0;0
7.48346E+13;1wIE2wBDyqpaX8NPTZTnkw==;78811.89929;0;0
8.67913E+13;ISSLaC6E9si+2gOcRsUc2A==;78813.9137;0;0
9.28469E+13;fIXn91rZ0S/qdQ92XCfHZg==;78815.92978;2012200;2.0122
7.92839E+13;TkkpDLheHFbu04fAxWFtzQ==;78817.94755;0;0
1.20847E+13;36mhyZJkTV3uLQ0Tx6Kkcg==;78819.95665;999000;0.999
2.07915E+13;+SfbHrn9a16yPcHs8oQhtA==;78821.98293;0;0
6.61016E+13;pFvdVcnMjPgrdBRoicRRUA==;78823.99122;758100;0.7581
7.66086E+13;xiIIGWiXdUJxk9mDbw0HOA==;78826.01253;0;0
3.48328E+13;fta/DgPkRPwhv8bL2VE70w==;78828.01684;803200;0.8032
4.21227E+13;LXjbHf1PaQ8fH1pT1U7lpQ==;78835.24541;794100;0.7941
2.2519E+13;tt1jtXfB3fM+oM5k9awndg==;78837.25356;1562100;1.5621
7.71144E+13;O+07PIdXPeV3tlw2bo+InQ==;78839.27045;2052300;2.0523
2.13727E+13;9fbgUtLrtCElhPCt2gzBwQ==;78841.30905;815400;0.8154
5.06326E+13;0Zp+MzlKb3CsX6lr7wIPNQ==;78843.33159;0;0
9.5632E+13;ul4bw3MQsHNDlBYuxei+2A==;78845.33612;1043000;1.043
5.70166E+13;qigR2Zy4Yx/O2sfv2ZcgyA==;78847.36088;943500;0.9435
5.69876E+13;kzJv6RK99taAf99ZaMssNQ==;78849.38886;934200;0.9342
2.18874E+13;c9L+4XEnRDhl6bYPFRGtPg==;78851.39808;991300;0.9913
1.25742E+13;40crwH4e5dbeOZG6c5rtRg==;78853.41663;1770400;1.7704
8.22913E+13;Gs59MnqWwTUum4H84FY2eg==;78860.64122;997000;0.997
7.48798E+13;SUeofN09QKubSdDXGvIPrA==;78862.65121;0;0
9.31626E+13;0EZbiioULwselUuhzQRD3Q==;78864.66331;885800;0.8858
2.7479E+13;ZkWp5WkIjzv0OXsEGcSByA==;78866.67807;792800;0.7928
8.73953E+13;r9NptqfjI1b3YDCdk46GkA==;78868.6886;993500;0.9935
1.03611E+13;CV1owBGV2KEg+a5BequLDQ==;78870.71341;604000;0.604
6.71996E+13;B/LDhc0S5alz6/vZdmNdIA==;78872.73163;1263700;1.2637
7.54033E+13;bRmOF0xaO456Y5YYO5faCA==;78874.75456;1003300;1.0033
2.56684E+13;zFdDX0ASaMJQL6b6R8XPdg==;78876.77491;810000;0.81
8.19504E+13;6tsjhKmWjeea+vG4A+H7vA==;78878.78997;0;0
3.38248E+13;ge2lHzgj5io+UCvxaUngKw==;78886.21169;998800;0.9988
4.98749E+13;w8zCTK1nONfmAJSNg3R9dw==;78888.22872;799900;0.7999
1.18319E+13;eEJaBNtszW/DviFlGzXdWA==;78890.2362;958500;0.9585
8.32194E+13;H0sWRbH4ETm641wL3I0RRA==;78892.2485;0;0
7.04106E+13;2t9d+FJQNp7aHtwAnojvJg==;78894.25663;797900;0.7979
9.04879E+13;N84tbYvIu3dHgvMdIQ3tfA==;78896.26971;0;0
3.28454E+13;ELbMYcpLMUXvtjJXAjFtbw==;78898.28596;1014400;1.0144
3.31569E+13;8VLE+wJxDXvS/zq8/kSv2w==;78900.29624;0;0
1.39012E+13;DbS1JLkHq1UlhmXpNdjv+Q==;78902.31603;0;0
2.11305E+13;K/+giuykDs4vBOwIImkh7A==;78904.33016;1002900;1.0029
6.94677E+13;LsjdMl1xos3ihF+A1ICxvg==;78911.59682;937200;0.9372
2.12478E+13;G5t+NiXOVyMAS4smHq0UfA==;78913.60781;989300;0.9893
3.46614E+13;D+/zfmoii9SsqMXNKF56pg==;78915.6158;1039100;1.0391
6.84236E+13;N6wfuP0eA/mn7UTN61Tlaw==;78917.63454;0;0
1.10279E+13;c8Zn+Tx+Z08vOYK0JmIj3w==;78919.64697;0;0
9.42812E+13;H02q1atHHsweNV/iAIcf9Q==;78921.66619;0;0
5.71699E+13;UiyjWg/A8AWYakxNkn4Oww==;78923.68412;0;0
5.38766E+13;T9bSU4jEO38bLDb3gEsnuA==;78925.70104;248800;0.2488
6.53132E+13;siCWBh7aiA3ZQJRy5jDQMQ==;78927.71911;1067400;1.0674
9.21178E+13;lRapDfpD38AbcqzsmYpbRA==;78929.74815;0;0
2.64743E+13;6yW0x2reWvNHMMMMp7nfFg==;78936.95009;993200;0.9932
5.13535E+13;GCCptbaPISBv9ZkIk2F+ZA==;78938.96166;2003100;2.0031
4.73642E+13;freu6601Si7VhUESLxxW3g==;78940.98205;0;0
3.73587E+13;VZ8dPBHyN1YTm1qDOeYpAQ==;78942.99742;2058000;2.058
1.2814E+13;3MFINLZnL3a1jXd87LDl8w==;78945.0131;4001500;4.0015
6.97613E+13;wn+HPmnM9vb75q8mXrT90w==;78947.04241;551600;0.5516
4.50633E+13;q/eNpMBobFxD4tckxUGeiQ==;78949.04976;1051500;1.0515
2.82988E+13;tj7XL36eD7Kg71f6QZawHw==;78951.06443;1781100;1.7811
4.94819E+13;GiMZsL2yCkTtDBnf0wo0Sw==;78953.09188;2124200;2.1242
4.42767E+13;rA2BbsbB4ujduzRAfkJiYg==;78955.12794;1002700;1.0027
5.18379E+13;dVD2wNmfBppUgarR7+dgOQ==;78962.44411;0;0
2.14648E+13;v8Wf9eAcezMvsjjLhsiikA==;78964.46018;0;0
7.22456E+13;oklm3EmePRNc9gNvSW3N8A==;78966.47655;0;0
8.31615E+13;1L+HXUP8TZrUxfZ2KaFyRg==;78968.49013;934400;0.9344
9.57807E+13;OVeG0h7Gt1rW278s3er3qg==;78970.50698;801800;0.8018
7.60399E+13;ejgv9qgi0REgUsq/zLg9YQ==;78972.53292;652900;0.6529
9.6807E+13;QTBITU6I088LQSxTvBBW8g==;78974.55622;2940600;2.9406
4.37964E+13;3AJENK0/YNDH9k2uew16mw==;78976.5829;2966100;2.9661
6.49928E+13;h0JxLqEOi2a91U8iC91TrA==;78978.59941;2005600;2.0056
9.10307E+13;jf5nOqOYnvOJVayEfRm/gw==;78980.62781;976900;0.9769
9.07881E+13;Xx6v3yK0XyXli6R7ENr3LA==;78987.83876;2018400;2.0184
6.55551E+13;X0ed/isjEt1Y1Gbw+P80+Q==;78989.86089;938500;0.9385
4.07075E+13;uXf9PNgXQ0IiiW26ozyFIg==;78991.88185;1959900;1.9599
8.4639E+13;hd5x44awDRCnN2/8ccP9FA==;78993.90653;1024700;1.0247
7.28497E+13;Eki7u8ORHWWy4fhNxsJyjw==;78995.92221;1008600;1.0086
2.50812E+13;16KGMe+aYBdv8yfX0E8tzQ==;78997.95679;385100;0.3851
3.24618E+13;ZC9OdjIcvoydjsjBx9QREA==;78999.96906;2293200;2.2932
3.13745E+13;hLUteHZauw6G5Fmsh73mjQ==;79001.99195;843500;0.8435
9.18907E+13;WC28zUGRSBNiY8/UdleOLg==;79004.00946;790700;0.7907
5.93092E+13;JeM1jTSHxKVWBAzrkQlVtQ==;79006.02692;0;0
4.56578E+13;J9irMoYO0LTznn5z5/5HvQ==;79013.25095;972200;0.9722
6.49317E+13;HplsPjyeJsR20MB6ZynRmQ==;79015.27131;0;0
3.94278E+13;M8kixubpxaBfJ7ujboAhzA==;79017.28098;969800;0.9698
3.18909E+13;F3h+KKoaB0OLt8CSAd5x9g==;79019.30664;0;0
9.33746E+13;7hSDHgGW7FvCGdE+RpLcTA==;79021.3145;1001600;1.0016
2.19136E+13;wzFIV8nxQ3BoyOEBpyAu5Q==;79023.33217;861400;0.8614
3.77379E+13;KDfiuKmOyRz7pT6ruuTdTg==;79025.3615;2172800;2.1728
8.27464E+13;Vfwh2pVIDW8iboNVe75uXQ==;79027.38987;1131400;1.1314
8.18407E+13;aJZwvs4nJw4ZeztYwgSbYg==;79029.40928;0;0
1.77846E+13;+ac2+iJtaa8AL4PlZ+XxrQ==;79031.42259;912300;0.9123
9.74886E+13;Y2wvhtQi2WFIb/oJIR3YuA==;79038.68598;1994700;1.9947
6.50024E+13;RfJCKBrwRgl1Hih1Ds5l3Q==;79040.70077;919800;0.9198
6.89371E+13;OX3knNlJscRDwnG/5LcY8A==;79042.71019;1001400;1.0014
6.89307E+13;yeagsasccWpsJrrbHSwJQw==;79044.73425;4996200;4.9962
5.37905E+13;84+//fu7W4qBdLf7Z4agag==;79046.75118;0;0
7.59517E+13;Sdb5apSqVB/xsPU3NsRm6w==;79048.75836;2977700;2.9777
7.95668E+13;HDqX98sZ/B9TcXHbsYBqsg==;79050.7809;1483500;1.4835
2.22766E+13;b8l8ztp8Azm9MXSuXfs7Qg==;79052.8051;0;0
9.41355E+13;lQXcXRfLmrOKjUY0793qCQ==;79054.82118;0;0
4.07188E+13;ZpCDWP+LLwGlIy2Zw5G6cQ==;79056.82902;0;0
;;;;0.921857
