3978;Gu3wygTAI0IyMX/dAvl4Ew==;80407.13599;55765900;55.7659
7116;v0AnuIfoVXgNAE/1LepLaA==;80409.21754;0;0
6772;FUEW+nrA5JcPSY8irLurKQ==;80411.2261;0;0
5248;MKunp14nBXHsz4SbSY60VA==;80413.2363;1031700;1.0317
1596;X942B8x1+cOHbDku4jfduw==;80415.2574;0;0
2890;mnM94caddDnxcNa0V3VA/A==;80417.26637;1051200;1.0512
2041;H72EXWcbSsDt678hQCVXdw==;80419.28933;617400;0.6174
5443;GfCkn9d1J836omOquoAovQ==;80421.29767;1039800;1.0398
8291;ogJjzlGYJcLdAV1Oaz9eXQ==;80423.31352;783100;0.7831
2180;nTy+0+zFainNzg2NFJCjgw==;80425.32167;740200;0.7402
2913;avnsb44hxY6RzFuhm2NIYQ==;80432.52635;983100;0.9831
3656;BNXN3IXLTC5OwN2HcIYsiA==;80434.5463;0;0
3724;ZHX8gYrHWko2j27REM2VVQ==;80436.55798;1041100;1.0411
2646;08+A7ZhBC7v930SAYhSflQ==;80438.56606;0;0
8820;3qfXO6MsBLCncm7AuemeIg==;80440.57818;1796500;1.7965
2138;QSzLJmfjzPoeWIfDTp3Q+A==;80442.5967;618900;0.6189
9549;GVKZkVot1KeO2zKpuY7B2Q==;80444.6162;688800;0.6888
7163;1qdyghmpaLRrQaZ/trxuzg==;80446.63787;0;0
9905;GrR86VuoqYOah3hmt1Jv8Q==;80448.65449;0;0
7090;noyqCzh3p2x4RoQ7xzKZHQ==;80450.66084;0;0
1021;NP4eC2R2kT8LCHE5v/NZNA==;80457.86462;0;0
2581;Npm5ZnIfd2B7TmnxOn/JPQ==;80459.87706;801400;0.8014
5150;Acu+RGRqKO4BdGpQ86xwew==;80461.89699;789100;0.7891
1019;enblrHB00vTt55lCbMsKRQ==;80463.91741;1046100;1.0461
4202;bzVkOUhZb+IS/AMNvHNQHw==;80465.93149;962800;0.9628
3388;IkzLpx92gzOSFDm7aT3a3A==;80467.95541;643400;0.6434
6020;JKXZh/iJ+idDYI5Zm7uKLQ==;80469.96385;825300;0.8253
8189;PqH9WnvYzrcXCBsFT4RVaA==;80471.97424;787800;0.7878
6822;N4baKgwN3apuQU+cKLqdZA==;80473.98512;1025800;1.0258
9850;EAsRYTntdCbEmk4llegVGQ==;80475.99779;0;0
4677;1rGiDC3w5TOlAgibvqwKIQ==;80483.40443;1033500;1.0335
5156;scFZChQcGKB3Xq2W/L8NIQ==;80485.42665;1066300;1.0663
5372;8renYS1jB7qbZFno/ccWWg==;80487.43906;991300;0.9913
6590;z7PmaIhf6Qvznm6AL07UBw==;80489.45527;824800;0.8248
5438;Wwni3kHTFa6KTAzoAKLeZg==;80491.46992;1028400;1.0284
8654;evE9WPvizGLjqk4sPFjpPg==;80493.48367;0;0
4967;KJCa90yqTmOf21HTcrfWcg==;80495.50048;0;0
6879;AazatbzlpGQU16cvddPl9g==;80497.50709;0;0
1186;rQFybkucTEx/A7cIP8BL5Q==;80499.52272;0;0
3036;OfnkcXRyCnvWBGfhtS10qg==;80501.53048;798400;0.7984
2955;KhQX7l7V7N6xkFSsKyyXrw==;80508.71831;780800;0.7808
7491;sYGdRH8LEwcIYA6kmdd5gA==;80510.72465;604100;0.6041
4031;LxTvkaBlkFZqNH8P90V82g==;80512.74938;1031000;1.031
3982;mtPVkvjzndmQhYxWDr7ELg==;80514.77211;0;0
3440;RwiRELqXEol7ThbFmcVhog==;80516.77795;821800;0.8218
8241;vIjtqbu8uWZB78kUa4Rn5A==;80518.78692;1046800;1.0468
5974;4HQVqMxv/9+7zobIsYGqbw==;80520.79947;938000;0.938
3560;QoUja6kfE9ta+Y89hYP6Tw==;80522.8222;834300;0.8343
5897;jnhUY/erFtAJPD1367pZoQ==;80524.84401;0;0
2610;FaBASB21jfOy5JSCh/sbqg==;80526.85558;0;0
2339;IHj2pAkwF60b5cjtkc/hnQ==;80534.04945;1003400;1.0034
1888;vqTtWlr9qL+YCXdai5ml3A==;80536.06081;795300;0.7953
6371;cyHPT1UhcJYS2ANH6Nb04A==;80538.07322;957500;0.9575
8929;1Db4he1I4lpsrGtx9mAYpw==;80540.08479;0;0
3991;IMn3D1iPAf+WN/1M+B9V0Q==;80542.0923;965700;0.9657
6599;FlEUU/4zyyplRgglx2JRhQ==;80544.11378;808800;0.8088
3158;EO/74ERVM5vD2u3B0UXmUQ==;80546.12538;1040600;1.0406
8670;mDd8cIDDodKpM5KXdwnZRg==;80548.13545;792900;0.7929
9570;hlO0Ss0g0tWfwfIP92QmCA==;80550.14427;774100;0.7741
1471;/sho/5CZcD/yDjCdVeE7FA==;80552.15791;821200;0.8212
7998;9UVzeprzk69xvVm0+x+SNA==;80559.50676;1061500;1.0615
6147;Prv+Zussmx7/4iqgTzFguw==;80561.51556;787100;0.7871
4401;aFE4G+iinwI8+cdmUxnaDQ==;80563.53881;1046800;1.0468
3245;nHuzRXk+EAaT9AVb7/EyAQ==;80565.56068;0;0
9659;dGJg9yw2TzPm9unTFru6cQ==;80567.57484;1009000;1.009
4086;8cjQp+L4rDdbDIOlPCW+CQ==;80569.58474;1033400;1.0334
6076;6p2JK3G5H1FCPKVqlZeT+A==;80571.59961;1048600;1.0486
8018;WWllOwtcZmktEB7j7oc5lg==;80573.62204;984900;0.9849
1515;7SBTUnxsrDLl1VShx7A4AQ==;80575.63061;811500;0.8115
3471;MWYi7h9imvVXeoqMqX8LfQ==;80577.64244;960900;0.9609
1352;m2YYkp17JACua797AdD7yg==;80584.84775;1987300;1.9873
6703;0fVkfUuHAEe6Li+8ianTVQ==;80586.86824;0;0
2854;EsTRztxoWZ64V2q5PM2Jfw==;80588.88058;796900;0.7969
3542;U7Y21wcPNlvkc496ODx42w==;80590.90266;0;0
7850;An2v4BzJ98PPS45zj9L/FQ==;80592.92158;0;0
7373;bS/JDAUdTOU1QOpJbfw0bQ==;80594.93053;0;0
4271;shv5UUL+yPmwM5B6KJVsow==;80596.94819;1053400;1.0534
3157;4B7m4Q/xfsgkruQmziOelA==;80598.96548;836000;0.836
3901;NDO179J90kBCt9ugVihzbw==;80600.98711;0;0
7754;pOwcqkOZdfaTLjt8hrtKhA==;80602.99233;1013800;1.0138
6797;/qWkMDTWb0uJKQsUSp+tDQ==;80610.24001;1365500;1.3655
6125;+b5vNfuzyHZ6NE8gHW9YXg==;80612.24941;1047400;1.0474
8799;dZ/mOSOU/sLg5x+RrVT4WQ==;80614.27178;0;0
2771;Hw3Hkld3u+c7RmFEwI1Cyg==;80616.28137;949600;0.9496
7191;P+yxhefjIhWtTrJxwP2f4A==;80618.33731;852800;0.8528
7696;bf03zqiiUPIV1yjofVJKJg==;80620.35605;791700;0.7917
6266;dZtVMGCeiEsL1ynSi6qG2g==;80622.37913;1841300;1.8413
5858;mZgJyfqzy3n0EqTRHC6BXw==;80624.40215;656900;0.6569
5609;SzXjG8zps6IM/Y6j5VV3lA==;80626.41085;0;0
1300;GgKDXHlWriGwzN8whPbAEQ==;80628.41902;1033400;1.0334
7406;jTFblNaCfAArZ+j2wihEdA==;80635.85279;401200;0.4012
1938;kQTu9BZNDaHpOOmGzbFsgw==;80637.87533;607700;0.6077
6032;CriXDjC+18sRwphg+2OxcA==;80639.88845;0;0
6784;sIV7P87ZzUlc9r6p8Zj2Sg==;80641.90763;798400;0.7984
7248;DL5AlhbeuoHWZAt0SnCKVA==;80643.91935;2112400;2.1124
7320;9BDdN9A90QsYXhUw77IFLw==;80645.94267;497800;0.4978
8365;IrDQN3SAzqLSRdb/inr3jg==;80647.95152;305900;0.3059
6049;bQpg2F5KzkGeB7uyfb4P9w==;80649.96106;601400;0.6014
9013;847ZBg1jWqa0f5soJ85hJA==;80651.9686;1047800;1.0478
6282;FT63Ib3Q2x82Ch/zP/5J6w==;80653.97833;0;0
;;;;1.221407
