2.63487E+13;MsY83kNck8vMfr1pagEH8Q==;81272.90646;1817600;1.8176
8.77596E+13;9MpGfIkv4rqKLDkgSO3DNA==;81274.91709;0;0
8.67391E+13;RyZT0vuK4wqIdPdn/ve+vA==;81276.92562;0;0
7.21835E+13;d3kB4P09oYvm6MmnpD3q4w==;81278.93195;813900;0.8139
2.42758E+13;pW9WEbEnBMM9t+08gDebMA==;81280.94959;1009400;1.0094
3.73417E+13;Gp+RM1dS/CtmOesKDxb7dw==;81282.96061;983700;0.9837
1.75023E+13;2Fp/+UUnpWJmJMn1vD8jQA==;81284.98854;1007400;1.0074
4.84836E+13;5ftIPvV7pbOkZ5rZ9jXFDQ==;81287.01633;967400;0.9674
1.24531E+13;397QKXSyY3qp2dPfItr1ng==;81289.04936;0;0
2.0904E+13;gtz7ZGijzbs+16ttWxtp3w==;81291.06627;2858900;2.8589
5.09876E+13;CCE+vN+SnxrmRFEHVTlJ4w==;81298.29359;993900;0.9939
4.62137E+13;dLU5SlWFRV0BSaqo2JO79w==;81300.32207;2009200;2.0092
4.67702E+13;TtGv0/ThrOj1lG0/pYMYSg==;81302.34584;1157000;1.157
9.01287E+13;eNLnFZxmQM2R089YQQ/nJQ==;81304.36002;996100;0.9961
5.42139E+13;FgvbgRP6Rycai4hW74kUQg==;81306.36842;11995800;11.9958
7.68883E+13;Pss6Z9himgbplSmzKDwVQg==;81308.39726;613000;0.613
7.13995E+13;lEbWTgqLi9JjbWEDxNZ3pw==;81310.411;912700;0.9127
3.26514E+13;M0+Z6GHINKQytTyhni5pnw==;81312.43202;1965400;1.9654
4.52874E+13;4ZdCH3UDmrJNacDeyEY+Vg==;81314.45915;0;0
1.56015E+13;zpplLQjO9XkorSqWxxylJw==;81316.47913;922400;0.9224
6.82355E+13;1aIXFICMT+xDVKS5QLke7A==;81323.70635;396200;0.3962
4.19946E+13;EnKdEQTMARavLzK5j0diNA==;81325.72353;0;0
3.33063E+13;swiEcK4jOTDgpPTK/nF1Lw==;81327.73963;0;0
7.23052E+13;a4vVw04uNvJAVX6hnEtyoA==;81329.75365;1792800;1.7928
7.48322E+13;Vnp7pHoeVG1X5V27OQelww==;81331.77392;0;0
8.35948E+13;CD7c1dDpQk3ftpvpInOfZQ==;81333.7936;3005300;3.0053
3.46819E+13;NIo/TWdRiqMaBQ7HHF6v3A==;81335.8113;0;0
1.20453E+13;8gbPRbik8uDCMRA0bpx9zw==;81337.81635;5971600;5.9716
7.11159E+13;ybqFGgYAtjQPRhpQ5EHvfQ==;81339.84331;2987500;2.9875
3.72325E+13;OJUBA1wsM/ZYVdZnZehaRQ==;81341.85922;2002800;2.0028
8.24273E+13;+CweXaL4F2G7VJ9IgolGnw==;81349.17976;2003800;2.0038
9.49531E+13;0B1FMZcJ8Fsx+6xulWr8FQ==;81351.19784;6976000;6.976
5.63207E+13;mR+VkGGDmD6Vyo51HVE6HA==;81353.22087;1012600;1.0126
3.81947E+13;rtZPhRroUUF3WeO4QbbDSA==;81355.24629;1000300;1.0003
3.87148E+13;hFAMYQDZLB94mzed2UjjFw==;81357.26216;6978300;6.9783
7.48453E+13;h7TlfFpi8V5h7UvnuoIHew==;81359.28898;991500;0.9915
2.17945E+13;dp9FXJQG0XXvKHBUjN5OKg==;81361.32389;1014500;1.0145
2.22423E+13;r8UfJ0CBaW/7zxQ2uMlqiA==;81363.34482;5999400;5.9994
2.04368E+13;62xME7gEIXLMAzGPN6k1JQ==;81365.36576;1984900;1.9849
7.89618E+13;RGATYZu5zUMYDi/P3VHDAg==;81367.40892;1999300;1.9993
9.42232E+13;LK1/3I5BhW6qla9YhfMYrg==;81374.63267;915300;0.9153
9.64456E+13;TUDSQivr9u0op1MtBjbZoQ==;81376.63981;1003600;1.0036
9.78463E+13;z4Ydf2hXvSZybOkWbPKErw==;81378.65432;0;0
3.23713E+13;rSyvP12MXloRSRMHbyNZew==;81380.66864;996500;0.9965
2.49965E+13;kIUoMy7YUnVTaLsqP2dYPg==;81382.68945;1994000;1.994
7.05001E+13;0Oakr7UeIK8Ys9NRWEQIsA==;81384.70354;984800;0.9848
6.03664E+13;3p/hMAncLVvn89v8mo6/lg==;81386.71793;2999100;2.9991
2.81126E+13;jcuVVGpM8SB07YYWKl1FyQ==;81388.73895;948900;0.9489
9.27635E+13;HuHYsgpREoKec/tYAfYeIA==;81390.75678;883100;0.8831
8.56839E+13;M7eAoYA2ipEVjyU92deWKQ==;81392.78479;2001400;2.0014
1.01792E+13;lOACytR4fIVWc3FittI1YQ==;81400.0182;783400;0.7834
5.88716E+13;uxC+xAoAC5j7uLAoS75lKA==;81402.02962;643200;0.6432
7.81076E+13;f4hkiqQpsSL21tIBQ3xynQ==;81404.0521;0;0
5.35755E+13;eVjzyLYPECaFeeGVwMlBMA==;81406.0588;1007400;1.0074
6.34509E+13;KhUxYIXpEXJDkxPF654cig==;81408.07442;4002600;4.0026
7.14766E+13;XGU51VygycXkzOmCIQIf3g==;81410.0868;2007200;2.0072
7.90114E+13;6DIV96UoWbda/zl36RjnKQ==;81412.10006;0;0
6.62773E+13;7m3ZJ5wfXTqNqR0TIc1IwA==;81414.11381;3028300;3.0283
5.49856E+13;juYdSJwcssxQ376sKQ8m/w==;81416.12585;2903700;2.9037
4.42906E+13;/y8nMIiddL+8nA3uF0yHPA==;81418.15941;989400;0.9894
6.87439E+13;th/PamPJxfPqASNI5hl6dg==;81425.45236;0;0
2.67788E+13;NwJNwk6z+HQ0N8I8h4IM+w==;81427.45977;0;0
1.38826E+13;edE6irOKAIRU72DvGSXE2w==;81429.47332;0;0
7.62529E+13;t+086K1KQHIyMSnwsV84kQ==;81431.48253;0;0
2.73854E+13;kHx/y+HjXIlPAY1M2Kju6w==;81433.49627;0;0
3.34952E+13;B97tch9ZtLQ7NAiCP7+eYA==;81435.50503;0;0
1.73965E+13;S7DgkVXL3pUT6K+0dr19eQ==;81437.52307;0;0
1.62491E+13;9JxYy1Cq96gPS4Af2IhZ/w==;81439.533;0;0
9.99169E+13;2u+jSMHVG5G5BmrCRKaZbA==;81441.54405;0;0
9.8241E+13;2LnAbworyhVUzpbWO6hMlg==;81443.55586;0;0
7.15427E+13;erVIRIJK376CdoxMY1h7PQ==;81450.77382;0;0
6.51499E+13;5Nb3xcBkXEKvOvgIx1AmNQ==;81452.77809;7998700;7.9987
3.41925E+13;4ASqqjJOZNh/2uHslyf9Dw==;81454.79193;0;0
9.1038E+13;UpfoQWI1LwLDi/Y44Yj4uA==;81456.79869;0;0
9.63471E+13;uUr0jGiswdmkJlU5THSYIw==;81458.80899;0;0
7.83282E+13;LxtmC7NzQkwSrEKj1Ce1CQ==;81460.81971;988900;0.9889
1.64021E+13;wgH6XhEGEIGfE+bLO2aL8g==;81462.83177;0;0
1.07866E+13;XHE3cfJkLrcu6QYuev97UA==;81464.84437;1991400;1.9914
4.66608E+13;Ek+vLf5dpl+qh9x4WJN0tg==;81466.85746;2834500;2.8345
1.08759E+13;KyYF91e1r2SGINWe/lKxrA==;81468.87381;3076100;3.0761
4.11413E+13;PsJakVJc5xlOTZAmfUUwCQ==;81476.09768;1013300;1.0133
4.79344E+13;ggC04/tbUoNwN2aiG8uefw==;81478.11375;0;0
5.34993E+13;Q+ZKNLhT9Ju4D7KJ6NEgSQ==;81480.12552;911400;0.9114
3.48429E+13;6nxUSklux3rQ5laTuh5WQQ==;81482.13519;959700;0.9597
2.21902E+13;9PbyUdUvcadBZ0zZXA0PNw==;81484.15385;3424900;3.4249
1.76053E+13;1QXT3dxWKOSmSSBV7+N79Q==;81486.18857;1018100;1.0181
3.29277E+13;l5RY23fHBbCZAXtrKessKQ==;81488.21582;1009100;1.0091
9.70615E+13;+JgxbyVbpZCuwu3hvZv2cw==;81490.22624;952500;0.9525
5.66044E+13;8g9EGCyu2q/NjMr45kmYaw==;81492.24285;0;0
4.75008E+13;RkK9zI0bl1ottIdrwH0gHA==;81494.24862;0;0
7.99873E+13;7jZ5chC67juCrp88j1IQiQ==;81501.67684;1185600;1.1856
5.7085E+13;TvoouMdPsbak8ZfzJVntiw==;81503.69961;847500;0.8475
3.89814E+13;Lk3xhhrTFN5UBzbRHOD2cw==;81505.70986;784200;0.7842
2.84578E+13;HrelSTq5tL5Mn6PHBIREHQ==;81507.73253;348400;0.3484
1.65884E+13;zC9QidP89csRnoRX0rcLPw==;81509.74579;939600;0.9396
5.11299E+13;isuhHx0hYW072UTlY7VLog==;81511.7667;875500;0.8755
4.48087E+13;0n6Doqj5vG27ThCrieGY7A==;81513.78888;752700;0.7527
3.55916E+13;0o7DDXq1qTYiHWidRs6PiQ==;81515.80348;873100;0.8731
3.44074E+13;Z2XTeE0i3uKimdZopHQuww==;81517.8151;4001200;4.0012
5.99042E+13;Ng0yW266Q3OEwDqQg1yphQ==;81519.83215;1777200;1.7772
;;;;1.437961
