8.72381E+23;i6LINYkFy+CJZu/Bhn5Ah/y4Aqnb1soawvEtDcO+xsA=;79575.45144;838000;0.838
2.55895E+23;JZh+MX9JtU/XLJkweCLG+UVdXYNhFeB74U/v+aIgJoU=;79577.46638;0;0
8.07164E+23;/kqOfsU3+SejI/s2e44azh6AzsMxQLxx2AC2Oa9AfFo=;79579.4738;0;0
2.58984E+23;M5+R4G0Jno81bmLbOSvzZ8EhoemOk1GbpXlERQxrOGU=;79581.48195;498600;0.4986
1.08946E+23;Uu3YiFFxYGS7gzrOX6dr2nXb2AloCyMcqn0pZCMoXlg=;79583.49443;0;0
1.65386E+23;u4SSqD0AgkDWF2NL9wBV002kG8p9xcOS/YMDr2iNjIE=;79585.50225;745600;0.7456
9.93546E+23;3PsrpkxX9ebugBM9wKp83cqBLCWKuaIWpRziD4+2y7s=;79587.52086;0;0
3.23356E+23;xQ5Sp6+pUHk6t/WSP9qpIxjmgxMsQ6HRXerZj0kCWJc=;79589.53922;0;0
2.48777E+23;iSAYaKc7hzHnnCQA8bQdGx7Qe70Sgc7mLlfM/c2Bp5M=;79591.54929;0;0
7.04244E+23;nPYc6GF2g9hH7iqRTrpEgxix+etDh5FgTvu/4zLqnx4=;79593.55528;799300;0.7993
4.59997E+23;VhevvGjyVs9s/RjKTx0mPTCkbKtZe6NGu0eTwn+QSdY=;79600.75746;1002700;1.0027
9.60149E+23;3XGC9FnTiji3fx/c7wkuNcEubepsXQ5RuLaZ5moTcLE=;79602.76748;803500;0.8035
9.67279E+23;iIOOIiDx7TPq7DSHkhx0hvVr2U1z4iywy/4WQImHAyU=;79604.79432;4003000;4.003
3.10738E+23;QJA2676da5pgi0lapVwJplJGomFnxl2izQW1wfK94C0=;79606.8174;810600;0.8106
2.70155E+23;39B+Y6nGwNwh6p9SMgJHFbZcgQQ6GkJkngCaugWAINo=;79608.83666;1046700;1.0467
6.06729E+23;2dAqPRxZWZ31cQtXBmwGBvm8eZmtDolDbrTTBCMZmmA=;79610.84417;804700;0.8047
2.54283E+23;4SfYpAIU43Cq6NZ0hkgduL0ZF9w8TXTk6kTU+XhYrcM=;79612.8568;0;0
2.92324E+23;DDUkCeNyUtZL+MD6GMZ81ulyg2iqn2klqKbuxCp4o4Y=;79614.86285;0;0
4.53016E+23;eyKC8e7QXuzdQDS/aleabOAxLjHAt/gdM3mwUo4fWS0=;79616.87144;984600;0.9846
3.03944E+23;CSMZdQFnQa4l20HxAsOz6eDzOEbw0FVCK5xcXk+l7TM=;79618.89592;0;0
4.80375E+23;uTIzkgDNv7fVqcl9RINNCoztlKkJMjG8+FGXWMAWJPY=;79626.12523;1015600;1.0156
4.18353E+23;4SOgNxd4vgYRujLCyWgxO8RjEJIvetLvjmne4XSeFO4=;79628.1448;446700;0.4467
5.04747E+23;N/6o4Y+x+ILvLYV7lfo1ISad3AMFJlzNBCb3HK93BD8=;79630.15785;810200;0.8102
2.75189E+23;o5accRas2Op03Mr0daVNjaaVfNNbfbAo1tjjCRVsbeg=;79632.16824;444700;0.4447
3.49179E+23;dRramGsvbKk29VaK+uCqRi7kljmwzvmbW7Ro1CqsLLs=;79634.17642;0;0
5.33975E+23;mknS5vKi2pq6P0RTiiAwUkpmSfuY+FLNdG4PfPEVDTs=;79636.19269;0;0
1.25824E+23;LrGdfPoH+TY35UlKB6DFruZ3YoBv6YfV4kaeQY6Hvo0=;79638.2038;0;0
2.07727E+23;LVCDQIkxZYPx3I/9cJ1gvoiVFggiuMkuK1JQPHoysPY=;79640.21245;0;0
6.402E+23;ocJO0A5wIegAnDTrmpIGuXGEQVvpu1aZwj9C1RMq23M=;79642.22239;0;0
2.58006E+23;NKBRNKymEdapuMjWdruoC68RfGjr3tmPKbhbk3Q582E=;79644.23592;0;0
7.56893E+23;jfUrmMGG63tge6U9qrdbuddq+JPt1HJulf3g5x7zdMg=;79651.54209;442400;0.4424
8.67648E+23;UUdBU/nbl5n+u9Bg6VVPdCYoMOBRmrpsT48wux056Iw=;79653.55691;351800;0.3518
6.10143E+23;n+ehOlGgnE6iFdwcRQCrnut/k7yBiXhS3UMAqIZIP+Y=;79655.57311;833000;0.833
3.48622E+23;YPzEqbXvSE4eNDuvRMNC7VLgZxR0PqMwOpF48FNCdvE=;79657.58382;501400;0.5014
5.81538E+23;a7DztEo/9CwgUOPgE52oxYmKred4MH86hIMWnP9wTq0=;79659.59359;809700;0.8097
9.73027E+23;DshVMEAcq2HAo4DcH+scWuUeMFYiJhfyXDFKzkMl5+0=;79661.61529;1031400;1.0314
9.28556E+23;kMXcbSeYLLJex1r2KDBepYTjNBiKeVkl/XH+vwa7AkU=;79663.63624;812400;0.8124
2.4715E+23;vP1aPsMkjrXkl9SSMGZRo5NJ6bfPgXl83O86KT+5qHI=;79665.65849;1031200;1.0312
3.98155E+23;zYg4DgzK0RMdou8Dhf/wxlWVqs63/E+ZWkHJciee/pE=;79667.67693;875500;0.8755
5.03486E+23;h8a1EgihQs98+sTE5Elg3NinMu5AmucqKPe4kcksYGs=;79669.68906;794900;0.7949
8.39695E+23;kiqNLFa+cPhp8CHCxdzr7OwBKYU+wzzRECR03c8lVio=;79676.93251;1017100;1.0171
7.56808E+23;HIDTixfknT5HQRXv4x7Jao3IixCo4Axds0yxhrogxxg=;79678.95523;831300;0.8313
2.98508E+23;v8qF18oAnfZaWDCyFHKJ9FRTTp02jd0cQXVjOTulOPU=;79680.97749;0;0
3.77589E+23;UOn0fIfaoJVvYWhgXRclh19Igl0zkz9MOWwlJH4Q/gk=;79682.98719;0;0
5.09674E+23;zpCfKHcFmQQAWU9vNpSzBai1NsO1BQhpBpbLTWb8RKs=;79684.99787;1028400;1.0284
8.19869E+23;/19bTHUuC+5Eutko6Cm6CF4ZevvHZhCTQ8E9qAaXX+Q=;79687.0122;773100;0.7731
9.2913E+23;y/wAp1+w8I9ZweNb8BYrG78/doDFv0kNT7WUgFYN5YM=;79689.02333;668300;0.6683
4.44643E+23;eT5Xad7jnnuztE3T6ilzbmC3wtyN2AWKwqBS2jDBCn8=;79691.03484;584600;0.5846
6.79329E+23;/2OBY95hf+spHmioAQF94OBrayj9aGjKeRyksuyVQrM=;79693.04206;0;0
5.03123E+23;/cobWYXKHuiees7aT+rz8moDkwXFV6YUE+sXVutQeXw=;79695.05744;409400;0.4094
8.52457E+23;e0nHPBCwSuvV6p+oNfWqMGKlT3E7W2s4kbTeyeGiPsc=;79702.2751;998200;0.9982
9.79931E+23;yyeWfao/AJYMl530BnsorrVTnoOQa8Fjdfy/FiJ9hqw=;79704.29749;0;0
8.42763E+23;JdkHZmX8bJXtXFyNZTo65p5SxmnW9ZRTheUd8Te+raI=;79706.30884;984200;0.9842
1.27187E+23;e98QUmOruVu71d+eJXG4Yamb29vNynsVMO+D0csOsQU=;79708.33096;962700;0.9627
8.0875E+23;C7XWomXQiURpOrfNZAcEGlQiI19zdCyWZ0q6woOq16w=;79710.34091;808200;0.8082
9.97349E+23;DED8x3OQrDYt7IkLIyxRM2hzx/u06lI8uOSLTP3n+as=;79712.35241;605200;0.6052
7.27988E+23;nZeKHMUTkKhOEAaZnycnDwlRJEUeSFHYK/NAHHLQJnA=;79714.37515;686800;0.6868
2.32973E+23;3TiHMumTs7lglUzIaXDIYUCIJoqLmq4XdFTzC1zhdt4=;79716.38612;1034900;1.0349
9.20973E+23;vjnlSf2tdtRlIeBV8Xti3P/byr2Ly5o+dx9oQxt3qWA=;79718.39763;1055500;1.0555
6.27023E+23;qlhEiQmP0VDpvVVwxw+Rx4eofcgDvmAfYRzvysTfEJ4=;79720.41257;0;0
9.13764E+23;mytbBNfe+ds9/OhWwM2RBaxgLjLuVOcrgFOxQRdF9W0=;79727.73374;605800;0.6058
7.42791E+23;ta1TTK0UZrcJ55WrbusKMyWikcArupw/ZG5avwyFb5s=;79729.7401;0;0
3.14028E+23;zowRPgLK2EexXwu7wigeMBi8CW/3fptql2Gu7zSJh7E=;79731.75016;0;0
5.79756E+23;7Be2dfhwY/WEbo7E5uLjHevvqUcpHMBJJlEg8tk9Cq8=;79733.76019;0;0
9.07904E+23;27GN0tHUVOTpuxqA1x8ALZyDLZ9TppnEk+aGYnwQ9FI=;79735.78109;0;0
1.99716E+23;vo4sRUKqMrZIyhtzIzGDs1Itj9mWM02PVcNsujrYEKk=;79737.79821;708300;0.7083
9.02119E+23;GDCkLrfyIKIMPtWJRhmt0ZOV5MSaDjQF+4HQhrtlXhk=;79739.80748;801200;0.8012
4.33359E+23;8atZHOQGiNOLMTaQAitpqEIs3r7jIWaa7BCS9Lkn/w4=;79741.81837;1031300;1.0313
5.35168E+23;6dUru328gKd3/zsIPwGTOJc9m4szQNIRSolW7KKYbks=;79743.83025;893200;0.8932
1.35316E+23;bFJK0w3nrBxKzR/R8tXm8cDahAvRP1HFRww22E8XRC8=;79745.84047;0;0
6.08276E+23;uAn4IieOZjYqyAZZhc6hjfBfPExTw6xyRK4K006g5Oc=;79753.05844;1022200;1.0222
6.21386E+23;/rEQNEGmDXLBN3U8mFNkAUPby78o26xxW9jMmtISwNM=;79755.06303;0;0
6.54362E+23;5LLLaQL713JVTTxTwa9EBMihyCItM5Wpg0M6DNa4e+o=;79757.07341;0;0
5.88282E+23;ApwAivslicCd2ZLSXr15Bm5EVS+22R96EGvFiehrzUw=;79759.08126;675800;0.6758
4.53338E+23;U087XI4zv3rSVsgqPb2dsadm2B18C4FQvN2INI+wdQQ=;79761.09815;810200;0.8102
7.56034E+23;HD5eJm8mwIRnExKOHPAnSJOBDGPEWf2VkEVrC3seJg8=;79763.10916;931400;0.9314
6.49364E+23;TVPHsEa/wjGSO7CVyh6zjyMDw6C4WPVmDR5c84kInCQ=;79765.11839;1034000;1.034
7.54593E+23;cSZK4mFliuf3j38b841Nmvm/x6Z9zpvelWgXQ5xnzb8=;79767.12925;1032600;1.0326
2.57986E+23;NNG1wFOQdnN7Sb/buOxqVcDxr3iZqYfJs5h3v6rnPxs=;79769.14559;810900;0.8109
7.37773E+23;UnFQC5vIzJbauPkO9U3lyLEWkWHv7+BfU0iyOambQ2I=;79771.16766;1022200;1.0222
1.83872E+23;EuH4e410wUd0wsTPBSQAU66Qpx7lJUxq7+jhsdGSKSQ=;79778.38153;1146900;1.1469
1.26474E+23;hTn+U/2zi7shRPSFx8GGW7f6hnBuUARJ31r2l//E8Xg=;79780.40018;1002100;1.0021
7.09428E+23;d8XYUwE/5p+Eq5wT/OV2Tl0gaM5CpyC1S4kXWPSb3Fs=;79782.41126;1001500;1.0015
8.64193E+23;kX0xbt4BnI7MjSTJ/5PTw/uYRhfzllziRPaqRxrqLi4=;79784.42929;3020100;3.0201
7.34533E+23;tDn3DaItxq+OduivPQP0MQ7KRNECIA74BN2R3OPP11E=;79786.44194;994700;0.9947
6.31813E+23;RyOI/lG8rolQtDQt35wzdykTWdK2xjp6kz1W5IUqxYU=;79788.46467;458800;0.4588
9.88805E+23;PsP0stix3ABED8P8VTjyln2cBtdb4m5NI+AcKA5X0Ic=;79790.47862;0;0
3.73679E+23;EY0ytkxe6dzrtpgZwPCwMvJj6UNGTPHhgQVVfC/SdJM=;79792.48706;0;0
9.11728E+23;kAVlPDgwomfEHmylnJ7IZx4jjBcaTs8xsYbUZK3KDE0=;79794.49581;0;0
5.97677E+23;giL8eexHvJsJgNa5mMp831KClL/uoit8euq8NdKKl90=;79796.50478;828600;0.8286
6.36524E+23;tHKaRZm0ZrIxYPgFo1s5AUTc1Xd09P/Sb7u721TGfsc=;79803.86759;2045800;2.0458
2.06734E+23;a2SN06PpMX1bhsUIpKKWL7c5H1wbNK+cuUQaUPewnhA=;79805.88081;2041800;2.0418
4.51857E+23;1GQREPXR5645yRQtreejQnSQ4XWw0KF2Vz/MpndUNLY=;79807.89221;1016900;1.0169
6.18576E+23;hW2CpKF+iL1luaRvl84q3TXDa7/SXA0pvaLyo0OyeYY=;79809.90663;1004900;1.0049
8.23549E+23;Vh8dITP6mJ39jsfOzZCq70pm6IhXtJJkh0wiMZZb8kw=;79811.91746;989500;0.9895
5.73529E+23;xWhEmdN3KSn2GQRl1N99KE9yyvir5YA8q5Bphx+I5sE=;79813.9313;1027900;1.0279
4.69278E+23;RQcjODz4TgfR05fZFMgC/AhFntt8+ud6HwbYMxba18A=;79815.9601;3991600;3.9916
5.20637E+23;YtHwYYZbTvZlm/XvHnjk28w6Fl29OinEhwJWIzZvvoo=;79817.98064;0;0
1.10195E+23;8EEHsMfFT6SLcnFJlc6LQfEy4QYGAH3UVGc2MoqIiGI=;79819.99897;0;0
6.68314E+23;tz6gf/4aGM5CE3wTpCq9NE9bq6O5ekmlASvmXerjWZg=;79822.00591;0;0
;;;;0.669363
