5.03304E+23;Wr1SnWAhxcZPrhg4Crh0uhlmpcjF2dbGRowUapn0iGM=;83044.40362;0;0
3.49983E+23;2RN2rFVoayr3fxhSSIsu7iikzn6IxrHRDrduPE9e0tY=;83046.42938;1000800;1.0008
2.16926E+23;rz7Toll2oHdNE4qHcHTA3vwNKw07U0A/YThIMZrsSa0=;83048.47692;0;0
7.04835E+23;/xkk28244iMKfSj/7x/M7kwTo9cNXbhBVH1uhTz2AQQ=;83050.48179;0;0
5.95172E+23;3LeOUy19I81mMaaadXtjLLebF/MWXzy9rzTCVjJW7a8=;83052.48698;0;0
9.50373E+23;N2++ZftAcP9upI2V+32aTF0K0zw9gidrCj5utGpdUew=;83054.49152;0;0
8.59919E+23;/qM5ffhZZTdVK+D1XMgAaK9S4j1+SbOPBMObQRfzuCY=;83056.50123;0;0
7.13366E+23;GmINlGueF2nJx5R4E9deMaUiCV1eEvvDMGsq74vhXFA=;83058.50445;0;0
2.70619E+23;CnrDtqIb9D8u3LA+pxgcfc5HteZVJfoCsqFKkYZn/ZQ=;83060.51863;999600;0.9996
5.09331E+23;g5GWPsbTbPJ0S7hvQlGIe5kCm+5CuEgZq2WBWcUnYfI=;83062.54568;0;0
1.21843E+23;KAd1uJc9rE7dJ5ZZjOVnrYs3t0WoK/YjM8xMEBSMIic=;83069.72277;0;0
6.11561E+23;qmYQMGhpycUCRme+LYnGOgH6jWRoTxJOuywsqcxZgu0=;83071.72718;0;0
4.12272E+23;5fS7mbnMoYlZs9H+50+8keop6+7gVy1xJinfoiV38aI=;83073.73158;0;0
4.75817E+23;B+thWrq0uVz333zkn6MRw2iOT3VBqgPJrUtMHG03keI=;83075.73696;0;0
7.26322E+23;TFQppZ54iEXYgN9bTrSJklamwlMe42jgkKIUrm6whfQ=;83077.74157;0;0
3.16206E+23;h5mDplPwASLS6GDrMefKYMHKdNwaqhGnEYRDkD8FF+c=;83079.74698;0;0
1.75499E+23;g4WFwIsm+MQ9rBGeGVtJ7eXotolN2LQv8N66g2bSETI=;83081.76535;0;0
7.32006E+23;w+qnlHGf583m06IPXX2Mo9We8mzUl4yf2JXBeyzhLAM=;83083.7698;0;0
8.74485E+23;wD3qR+8oih6BLN9zRssJc9cp0TYso7mUDATC/PXd03Q=;83085.77596;0;0
5.75951E+23;sqYk3tI0P8NGjEfa3G2Y54qMz8c0xCKc6okGeM8H8aw=;83087.78167;0;0
5.55533E+23;B0SXb5CLcTl+zEkFpouZ5X0S5PIg3/XntIFnW6+i6EE=;83095.06989;0;0
9.45782E+23;4mdy6N0FB5fYP73DDY0+vLlgM8O98KpjUGI7cPDET+Y=;83097.08906;0;0
5.14514E+23;vfHXuQl+v0FpYt15JWDbr8r/V9idh2WlOifzH+8wUwc=;83099.09405;0;0
3.55553E+23;JiGv9Mw70lg3wXVHZOgJiIGU4DMjueuzSCten0IgN0A=;83101.10079;0;0
6.72927E+23;vyMbh7+H0S2X2MCZ+SfpkcosS6BVEk9x3LWz+6RdP3g=;83103.12262;0;0
7.37463E+23;Wrx8VJDtjYEsQWm6ZfzAOgQsgu50hbDzDvJjf0O0Icw=;83105.12946;0;0
1.30922E+23;jf/IFSjOpK6F9bRYSqBLeCHrZ/jfb22HyxFzBW3IHN8=;83107.14517;0;0
8.18273E+23;UATL2ZYFooh4X3ZwgZYCPDPINtCiWf9xBKacyxbLgS8=;83109.16171;0;0
6.29713E+23;He4k1Wjd1ofmps0wiHqRKGJrCkkGa0nGqkt+ttp3GR8=;83111.16612;0;0
6.26779E+23;6HH5vyRJVWrr0enCQgVYk7/hIDJnOp8EVXiOiKtJw1M=;83113.17172;0;0
2.98128E+23;9UGSYFmyORMhqLb0D9W2j/ZGJQy98uocSzciz13xjPM=;83120.37782;0;0
2.07927E+23;ojTq5eGruz1kNVB4/h0Y3olbSnDLJfteTfkx2rHZk/g=;83122.38347;0;0
5.02054E+23;vtoD9Qy3420Yg+hLD0Zh1He4z+AwSTSjqmUibR4uOP0=;83124.38824;0;0
1.92693E+23;NGHsx2Je/KLgwk8VOOskdlJjmjs0h4/TFZ+0y7CL0Vo=;83126.3939;970600;0.9706
6.34636E+23;SmjAjUNgS8bIQy5zwp/L/7X5tCih/Hf3UgGKU6X0utY=;83128.41437;0;0
5.80106E+23;SFhzfsgsYsQ3NfjcBpQGcVfo7bj7APqEf3e8gH2GOGI=;83130.41953;0;0
3.79753E+23;LrO8SzKhA81n3JaUva+yxNGmcxPvfT3DJONezvikymY=;83132.424;0;0
6.75303E+23;O+qZyi811I2xpUHK8gzQqpQVzXJ/T9HFzpgRBpGdMYk=;83134.4301;0;0
8.69728E+23;YkrKyn5uYBprhDtAQe25OqxyouQhmJlJLEBpH2FFsis=;83136.45108;0;0
8.09304E+23;JnsFWLOU3JV+8r27pWSAZb7d39iUghY1Mp7erwtL3bw=;83138.46039;0;0
5.63968E+23;wVOMWF782XT6/tXhpuyvIDyaKQMDNWyMpAK0DaiXgM0=;83145.65292;0;0
4.97245E+23;vWnWRIcADyn/Qx7+5F0DExhKP9C9Xli6kIc2Nr8eAtE=;83147.67347;0;0
7.623E+23;bBpbpcmCkUVymRbaJiEwC9DD0Mp0/ytKwEwHuP15ANg=;83149.67888;0;0
4.59614E+23;h5SG3LUbw7GieOrnmNt7Gl0SPQwCygguQbVJ+TlMPG8=;83151.68344;0;0
4.20799E+23;+VPYuiyDZaZCBM/0Pf6LETSg85atkFEC69uxiscluGc=;83153.68613;0;0
3.12554E+23;e28Vvn3QXj2HJBudOY2pYyIXp4BE5AV2X5Ywekgiayk=;83155.71533;0;0
8.38128E+23;+Igy9UHuf2u2r3zi0jO/4B91R+91RAFIb0ooc3x/Q90=;83157.7405;0;0
4.45347E+23;Y9UercquIIJj0MJ9mZnftAY3p2pnUQBdIwyBXc8N8j8=;83159.74763;0;0
1.22831E+23;qDoOHK7EVdaiylsCs4f0wJUlCIx8ouMoswhY/1bQmiM=;83161.75288;0;0
4.65464E+23;4FouVNlai12Eg+bA5USMuoOdeYOwyt1JNqAR7iRK9Fs=;83163.77395;0;0
7.17944E+23;0HLD8JvL8X3QIfOW7WuXuGkrWxqSxiAFvs8jfIJ+g1U=;83171.17;0;0
2.69743E+23;4rlEBwtYSrNgRAwS+wmCqTxQm89ZGPm2staHBbmZpUs=;83173.18359;0;0
5.02296E+23;CbmPPdeK8YeGJruYqk1cCFJ2cJ+mzqO6v3llG6szzM0=;83175.19033;0;0
7.5103E+23;6Qng2L6LYNhMm/cHT0nrzOHnPIMJ0txJA4jxOCQq5Rg=;83177.19529;2010400;2.0104
7.95113E+23;BnqycZCTei/JHYPDwdNWvpgL6JKloyEWkl9lGnxhO5k=;83179.21736;0;0
5.75284E+23;GE88LhQK7Icvdxv+giRVGsEsyDpGPD1+Dtv3wkqcIaw=;83181.22233;0;0
7.50396E+23;JD4JhGeMuUj6dVoMfprv0mWyFrioWqOe1xg5dxcz/VE=;83183.22785;0;0
4.38116E+23;oHlGZU3sWYEKZNCOfYOmOxyUFscVExRY+3WsDb2X3gM=;83185.23338;0;0
5.83275E+23;NZ0KEoxIkRyBno1NCy/UfG15kS4uEEOKsiGY690c7Hs=;83187.23895;0;0
3.58212E+23;jcpNWFhSmgOBd+bvTpHyag9QZvfYAo3FtFQzkKjtbBM=;83189.24344;0;0
9.39095E+23;RnrjZCgmaQieO5QORXzFRB5ceL8bJw+8l07Zc6mh0K4=;83196.44211;0;0
2.33138E+23;iXwhqi6f+rQ/pTqTUuIcE1YmXqXU9i0xXtr6gje3/9A=;83198.46676;0;0
2.54573E+23;jQb6H22d5udjbGy5mFnSUw5qh34pfuvVV2Z0do6FHAE=;83200.47185;0;0
9.21888E+23;q5t6/1kFg8L45MaH0GaGpzQesVM+bOr7/CX4QuWbDO4=;83202.47704;0;0
9.42304E+23;JTrQ086PHWrhImBT26jaWQN/y6SA7gvo2vXKPO70AWM=;83204.48348;0;0
6.62606E+23;j0tlqN5M2NTzSA069vNrqTlBf1ngaFUYoGeI2E2viHg=;83206.50299;0;0
2.63684E+23;XPBTGSt18atxPzPXvKb+KxpRhytzKtaC99T8PiDtxwE=;83208.5105;0;0
7.94485E+23;9jCTZiMJvJsfXx1NDJ1VCaSWNoxpttXPeJkC+M5mcvs=;83210.51471;0;0
5.34427E+23;AAsBKnYhFFNQIbuvszWn2yh9Zk7GC6Ld7rVLNiS4B44=;83212.52081;0;0
1.66682E+23;PEFEwYb2c7zjd8i2Sz/t98Oj/vP9JsMPFg5C0OlQOXo=;83214.54872;0;0
4.39534E+23;lizC5WC15vqgIJAGb2Pg1tlo56071yiQxlZW7AF+d3w=;83221.758;1011700;1.0117
5.16836E+23;NnzpeuK0fdHft2fuKM2dZ6yrtLv4wfnsGBQY+BgSKkU=;83223.79199;0;0
6.99764E+23;PNsCgIBTNPlaYJkY6FUAfS+dGXo6QL9irtTxsUtc3MA=;83225.79612;0;0
4.42332E+23;QzhJDPTP8gf9kOFRAzs9ndM0vHD1Su26rCpXltJXp1Q=;83227.79681;0;0
3.52986E+23;RiuBIBnu8QnKd0LGByQMPmNgENgTzMYSrH2NkIysCFo=;83229.80632;0;0
1.08895E+23;KDYuni1FeHkUkcOjT+CSgxbXsCPRbp6c31aqwSyJuV4=;83231.82398;0;0
1.57675E+23;0IBTYie2j9HbVqd0Nj1tBnj4LIaWi2fU/MxP/kFucFQ=;83233.83047;0;0
7.62064E+23;NvaJlQ+/T/AOhsEcjl18W0Aq45ttwcx5HYgGKxD1BaI=;83235.84454;987800;0.9878
7.53932E+23;aNb3pjxJXeoZZAuuN5TrrS6fmj5CkU8wL7OsE7oxKe0=;83237.85539;1020900;1.0209
7.46788E+23;MUk65RjlYH8MJeH6Df1duqnS2rUpvlQ/OatJxe4v+cU=;83239.86981;4030400;4.0304
5.18309E+23;ej9A6xf5iAdJ4t367H10WDq4JUV9bs2Dn27PkcVCQ6M=;83247.22875;0;0
2.14678E+23;wM/SCg1exojJcyaEL6TE+/pMmPNeQ9U1SLmOTgFrviU=;83249.2341;0;0
9.97559E+23;M82v8rPt+M0QQx8Mgw+YNMxNpG8p12kDlr6RmDRL/oA=;83251.24737;1932000;1.932
3.78834E+23;+6vGnzVbEZDkGdd/GoSEQEDUaA0XGxTTbtb5kO0XaMk=;83253.28366;0;0
5.15432E+23;83F29Br0qBhf7eV4SCqhCONx+GexrAMDCZGowhK0BJ8=;83255.28951;0;0
5.20879E+23;lqUVD17dTIsJhQNPx6D6SNfFK8kSHz3vIelkQXxJ7Q4=;83257.29471;0;0
7.28136E+23;SyMZuNZfCQ5rE+yGF+G/YF7kmrcMKLULaVIIZ64hMCY=;83259.30011;0;0
5.11266E+23;80VOS7HIVleAsUx4fduebauBFW0Tr7FVxRbaCq51z9Q=;83261.30589;0;0
6.41974E+23;Fy94v5/a9Hq9/9Gfh/8oDvsUetOtKaoyI089DyqPgC8=;83263.31194;0;0
1.80907E+23;B7XWqI+8P52xirXPhvNvZDWElyIweMcHKT8x/oTkfJ8=;83265.31766;0;0
8.38655E+23;pD30AvFCt0CGze33HQvCAdeNFtOxlFhg0wrKdF9+Y9M=;83272.5367;0;0
1.57008E+23;bAeGrKXLd55jZ+0/NUxSv6RI9ca1Ef+NVvLdK8rPpE0=;83274.55601;0;0
1.64186E+23;be3HNdjVGT3NaWAaxC6fVRBdccRMCHylghhp4tbS+kY=;83276.56068;0;0
3.73855E+23;V4WR57lQn9b/VG2igyAbaurZcE1zbCCTz6YBnR27IdI=;83278.5668;0;0
9.02162E+23;wnSK5smUTCGFDSFYEPh0rMQg+gjf6jugQqFCVrcliOU=;83280.57225;0;0
5.66378E+23;UaRoRPza4cIcXJmn55LRKIlsn/qgP5c5t4oct9zzldY=;83282.57776;0;0
5.10585E+23;UR7d5xRwmQyn1vpasAhLsOL9gMSvWYnT3YBJvjhd0YQ=;83284.58592;0;0
7.10313E+23;V0zzMeni2VHUjsGVDxuKMvHZwyVu8zjoJG94mYWGhTk=;83286.59009;1044000;1.044
4.39289E+23;lQleCpsYPUmyBSauBN1m6SQLtWcc7uoRi905r+Qjqkc=;83288.6144;0;0
2.6579E+23;2N36928ZV6NLp/xsq/lhlAZCO8UEJRgzpyXit16T6kU=;83290.61999;0;0
;;;;0.150082
