2.60922E+13;/OoJ5N+EYyRHsnyJYCPg7w==;82727.2179;0;0
6.47213E+13;DgKBZ9WAhUTcHY/pmwmZDg==;82729.22292;0;0
2.04009E+13;Zb7CZWcRowciBaaTIPgBxA==;82731.22895;0;0
2.33278E+13;DBe1u33ckABXXJnI+YO7Qw==;82733.23175;0;0
4.69984E+13;bV6viQzNMCpR7h+1SmG5NA==;82735.23802;0;0
3.25027E+13;HDnPF1BJJESad3gF2Q9iew==;82737.24942;0;0
7.31655E+13;cqKZifGgI3Jvk8UX45zDbQ==;82739.26325;0;0
8.42997E+13;is3EfVvKcacV2ZcEQ51MAw==;82741.26949;0;0
1.29317E+13;QyEVW4tVBOi/0RqVDqis5Q==;82743.27545;0;0
9.68124E+13;82SWTme4gNNU+a0Nd7AW0A==;82745.28172;0;0
1.94664E+13;A0Q7edFCsqw1LfiMYMcgbQ==;82752.47966;0;0
4.68169E+13;0CxOpy5fX8OnNIZHgdr6rA==;82754.48451;0;0
7.52526E+13;g0Awdxa8D0T1lCjQnNBCYQ==;82756.51271;0;0
7.17315E+13;ggjlYM/UcXBYSfGifKtpxA==;82758.51921;0;0
6.89273E+13;kpeFxtScGLDl49L0XaMF5Q==;82760.53013;0;0
4.44258E+13;/GSPaHhiOo+MtA+vKhsgPA==;82762.53066;0;0
6.61268E+13;RJTpPuTdFGHvZ3JYB1Vjwg==;82764.53583;0;0
9.87866E+13;/fyN16gRvKNHhEHtz7SSEw==;82766.54905;0;0
7.04882E+13;WiuosllBfeobd6Ag/QsXqw==;82768.56021;0;0
5.90166E+13;0UGIiqJsOZL9c6oJ8RYRWg==;82770.5649;0;0
5.9576E+13;IrNyvA15BD0Jkv7YX5Fzsg==;82777.7536;0;0
4.51794E+13;rFL5mchxAuUaMmNaimGV+w==;82779.77611;0;0
3.82294E+13;cdayPKToiHw/9/wyWaDOSg==;82781.78173;0;0
8.55553E+13;5FR/oaew4hwM23fVNZTKqQ==;82783.78582;0;0
3.66165E+13;aS+oETsoy5jz1lpSwCbYig==;82785.78982;0;0
1.30586E+13;SsY+0bl16LPfm2qEne7sSg==;82787.8042;975800;0.9758
3.34439E+13;1x7Ufn+3nfUE8NAM8yc29g==;82789.83203;0;0
4.05745E+13;7WPA/2CV4BQooWcnp8sDGw==;82791.83704;0;0
4.74104E+13;HMra45uWa7/s9Lr2zoOkyw==;82793.84291;0;0
4.24003E+13;t2D+MLDAxeEYHyJLlNLlGA==;82795.84862;0;0
1.94298E+13;waB3ddduwsR68stNbneRww==;82803.21688;0;0
7.30894E+13;5AZiS12sye5yjTHC3OSJ7Q==;82805.24317;0;0
7.07185E+13;cZUwT3vHa9iDHIeBTiDKyw==;82807.2492;0;0
8.86174E+13;erfkXeceUhknZnQGymzpng==;82809.25413;0;0
7.08971E+13;q9J7h56rPu4Q1wY0B1pUaA==;82811.25923;0;0
8.70181E+13;Lq64FSy8Sn8Nx/hLVlOL0A==;82813.26494;0;0
9.80515E+13;TyecD4EmOV1JHVOGIZJbsA==;82815.26913;0;0
1.51609E+13;DZKAyWRnQQcbpp9KF8mH+A==;82817.27564;0;0
6.06568E+13;8yilt7sNyvzZuz7YifzNag==;82819.27896;0;0
7.0363E+13;qLnenr4Y5x1pOZQpJzBhqQ==;82821.28412;0;0
5.18936E+13;v/s2L6e+zOrOm7MICms+Wg==;82828.50876;0;0
6.74138E+13;A0PKvAlwTTCu36xiP8jYyg==;82830.53024;0;0
8.39753E+13;RP/DCZKnw3ezYNKKu5x5MQ==;82832.53454;0;0
7.08012E+13;mzxH8ZI6OM3O31Oi5jakBg==;82834.54216;0;0
6.09136E+13;TsgWgH+iKAXJ2dePUYAw9g==;82836.55074;0;0
4.12805E+13;nY6GForEpVXEmzPmaMoOpQ==;82838.57062;0;0
8.55604E+13;hRw8mF8tNXW/rOrjHp25Yg==;82840.57561;0;0
4.41207E+13;aCLswJxvKBq5Dhfhq4juIQ==;82842.59547;0;0
4.43338E+13;sIxH5Kvn3+/k22nCDc+USw==;82844.60125;0;0
4.17372E+13;/G+e45a8tEl0NcTqNSpSmQ==;82846.60622;0;0
8.36206E+13;85342THTSALlt5xKP6B1NQ==;82853.80936;0;0
7.39713E+13;0Q/W4N6UAsnZmMDz9Ti4Hg==;82855.8151;0;0
9.32377E+13;AZsXDNFV05IHDYsHwC9f2w==;82857.8197;0;0
7.43119E+13;2Nazp45V/m7NwLEdkn0QxQ==;82859.82391;0;0
6.02446E+13;bVohjCV/ILOFWxTRj+kBXg==;82861.82872;0;0
2.48661E+13;y2PurYiO8mUJDpTMLo6C3A==;82863.83459;0;0
1.36894E+13;d0V2YYvfsLor8tSTaYJ4EQ==;82865.83875;0;0
4.90485E+13;T2+SMaVXxJYJlHt8EXvO2Q==;82867.84365;0;0
9.20838E+13;Ru5hteVw8Z7N8N1AKkwt6Q==;82869.85884;0;0
6.87431E+13;3zsNeAaAzSLY3t2mXI9ycg==;82871.87067;0;0
7.34611E+13;nlOXA8hizNpEt/i6bMS00w==;82879.24505;0;0
7.35456E+13;3tNDgkzEdoELkPEd7KVeIg==;82881.24787;0;0
3.77954E+13;H4UYPCr3cXjXuJf8pe5kTw==;82883.25357;0;0
1.41299E+13;9N8pva2l/Qph3JO4iUP0TQ==;82885.25946;0;0
5.07724E+13;sV/6+EFlWSX7xLdwTvc7uA==;82887.27081;0;0
7.30859E+13;m7ozjS4N+PDizpODfqbRAw==;82889.29103;0;0
4.55456E+13;fydZawuEbI6xEyxjCu88xw==;82891.29659;0;0
8.66178E+13;wRTyoN2vcJNETQMboAWLwA==;82893.33138;0;0
4.11977E+13;Siu2XdwD/JztTkeDEtN1tQ==;82895.33515;0;0
6.76365E+13;2jt5zzk6YXZvrP2zNXYVvA==;82897.33752;0;0
8.40149E+13;A3l7E4aVnzGYPa0AAYr1Sg==;82904.54582;22592500;22.5925
3.11786E+13;BI04bGkvnGoCXv2nUmq3ZQ==;82906.64911;0;0
6.69525E+13;cdAIlFAnBFUU1Dz3Uvx7OA==;82908.65347;0;0
4.34692E+13;3NMmT1RlWypsoKt1f6Ne6g==;82910.66244;0;0
2.18142E+13;8G9LW2fVH0D9Q4x1cZIXzQ==;82912.66578;0;0
9.68274E+13;ad6r4cUSqeGyeT7nwLOzOQ==;82914.67177;0;0
1.34306E+13;cJACWtTxGNOoAyCfXg0SQw==;82916.6805;0;0
2.70741E+13;hmga71uDnWHQNWJKdGgfDQ==;82918.68655;0;0
5.04711E+13;FarpFHHNgNkNanbVMYMT3g==;82920.69181;0;0
6.9451E+13;w0WVNn27ssS4IYXRWwTU1Q==;82922.69719;0;0
6.52522E+13;CQhpZauYey1gHBgA8uwyUQ==;82929.8836;0;0
3.58285E+13;evTc0Gozxu3b5D6dnK0yHg==;82931.89214;0;0
4.19007E+13;8Q7Yx5SGm/8Q65rDRFA1oQ==;82933.90244;0;0
2.24333E+13;jLcLt40MQZ4l9LMZJYW0+Q==;82935.90842;0;0
1.57551E+13;4zbl8jWrOuNTCOSnZlLrqw==;82937.91363;0;0
3.33355E+13;/kh9EvkDoViduN5ifq/EGQ==;82939.92013;0;0
7.06393E+13;eAenT0311/COqrVYLoBBaQ==;82941.92463;0;0
6.43457E+13;EGRM7KYsIeisbQD92ZEikA==;82943.93768;0;0
1.07083E+13;aoUIptGhyIVUdVr7ewZbew==;82945.94907;0;0
2.66108E+13;sFnGJP+FOnpQBQ2+6ApTSw==;82947.9543;0;0
7.19972E+13;oM7/bY3dPTQlFgSLYQdM0Q==;82955.16384;0;0
9.99258E+13;ABAwp5F965XDhcw64txtXA==;82957.17235;0;0
7.24316E+13;9Gln1j0qK9CAvjMYWYhsjA==;82959.17804;0;0
6.62798E+13;vpW202nEa7CNghlKTzb8Ew==;82961.18291;0;0
4.62414E+13;tfjprha6NPesvTMHN/Hofg==;82963.18789;0;0
9.87632E+13;PerdTfbqem9mrBNkU01j1Q==;82965.19364;0;0
5.67284E+13;E9GRpr40zdmzz95JhbnmJQ==;82967.21433;0;0
3.21452E+13;X0pPfu5oQnJ7XfCDTPZlwA==;82969.21982;0;0
1.34766E+13;2I1Zb9d9zi43PM7dvBYj/A==;82971.22651;998500;0.9985
1.03013E+13;Bt/wS92t7J+LvYt+v3nksA==;82973.23907;0;0
;;;;0.245668
