286205742568712547212375;RUxbAnADMrpapAPLyVEpPxY/P7QIxKo9i9qtTEeeSKI=;66730.75211;83228400.000000000
459878089842789760598632;nqUBTAADcE9171z7V3WyDtBqNpaLT63QzBUSBXX7crI=;66738.03168;0.000000000
681119438891282518066774;Pv1ySZZDC0YcjWQXPBdUCcnzpoNSPeEj/oF+fHgMLBU=;66745.24250;0.000000000
422606739979673231792305;qqGvYgvsX6hQvSIIFdr7V19gA1jn7OejUwz1VNqu5ig=;66752.46246;0.000000000
944704158863199435777715;Ry5UmQFc3yh0wBe1mIOZgAcHzzOvr3NhiKxPtIkq3ow=;66759.66056;524400.000000000
626729641177100438546211;4fbPqp4UtdaLRJJmlKFvXck19zAyDVwoFlq2JeBgcW8=;66766.86236;0.000000000
393802721231585999564321;WSoav+4FpgTvMcgWkH2SDdNpfp+0FfzA/yOO6S+c8g8=;66774.07239;0.000000000
292409197354895823899764;fPwXegMiP95WIsHdtDW+S/fhY4M8rC7ukz636vssPs4=;66781.30096;1176300.000000000
934674682114413431179067;S2lxZTAbLxA1Fb01PRnBFkL0go7ZfEjSbH8m2DamWXw=;66788.56273;0.000000000
493732576796366582401681;gpKpr00mQoHZ5uTPgWQEhij1pK9q2c3g/f7PmuoS+sc=;66795.78268;0.000000000
